made_at,horizon,target_timestamp,predicted_aqi
1789708258,24h,1789794658,69.84
1789708258,48h,1789881058,72.79
1789708258,72h,1789967458,73.15
1789712326,24h,1789798726,69.34
1789712326,48h,1789885126,71.56
1789712326,72h,1789971526,71.64
1789715564,24h,1789801964,70.16
1789715564,48h,1789888364,72.14
1789715564,72h,1789974764,72.15
1789719306,24h,1789805706,69.27
1789719306,48h,1789892106,70.6
1789719306,72h,1789978506,70.44
1789722714,24h,1789809114,69.77
1789722714,48h,1789895514,71.58
1789722714,72h,1789981914,71.43
1789726275,24h,1789812675,69.81
1789726275,48h,1789899075,71.44
1789726275,72h,1789985475,71.28
1789729277,24h,1789815677,69.46
1789729277,48h,1789902077,71.8
1789729277,72h,1789988477,71.75
1789733755,24h,1789820155,69.78
1789733755,48h,1789906555,72.58
1789733755,72h,1789992955,72.54
1789737025,24h,1789823425,70.52
1789737025,48h,1789909825,73.73
1789737025,72h,1789996225,73.76
1789740636,24h,1789827036,69.34
1789740636,48h,1789913436,73.79
1789740636,72h,1789999836,74.3
1789744249,24h,1789830649,69.05
1789744249,48h,1789917049,74.1
1789744249,72h,1790003449,75.03
1789747236,24h,1789833636,68.8
1789747236,48h,1789920036,74.09
1789747236,72h,1790006436,75.13
1789750835,24h,1789837235,68.99
1789750835,48h,1789923635,74.29
1789750835,72h,1790010035,75.48
1789755028,24h,1789841428,68.11
1789755028,48h,1789927828,73.77
1789755028,72h,1790014228,75.18
1789757741,24h,1789844141,67.9
1789757741,48h,1789930541,73.77
1789757741,72h,1790016941,75.31
1789762246,24h,1789848646,67.24
1789762246,48h,1789935046,72.8
1789762246,72h,1790021446,74.58
1789765348,24h,1789851748,67.31
1789765348,48h,1789938148,73.13
1789765348,72h,1790024548,74.98
1789769220,24h,1789855620,67.57
1789769220,48h,1789942020,73.41
1789769220,72h,1790028420,75.34
1789772972,24h,1789859372,67.68
1789772972,48h,1789945772,73.51
1789772972,72h,1790032172,75.5
1789777149,24h,1789863549,67.79
1789777149,48h,1789949949,73.75
1789777149,72h,1790036349,75.75
1789780810,24h,1789867210,67.93
1789780810,48h,1789953610,73.73
1789780810,72h,1790040010,75.81
1789784095,24h,1789870495,67.87
1789784095,48h,1789956895,73.85
1789784095,72h,1790043295,75.98
1789787228,24h,1789873628,67.66
1789787228,48h,1789960028,73.28
1789787228,72h,1790046428,75.27
1789791151,24h,1789877551,67.6
1789791151,48h,1789963951,72.79
1789791151,72h,1790050351,74.59
1789794037,24h,1789880437,67.67
1789794037,48h,1789966837,72.48
1789794037,72h,1790053237,74.13
1789798641,24h,1789885041,66.88
1789798641,48h,1789971441,70.88
1789798641,72h,1790057841,72.34
1789801650,24h,1789888050,66.38
1789801650,48h,1789974450,70.53
1789801650,72h,1790060850,72.07
1789805599,24h,1789891999,65.92
1789805599,48h,1789978399,70.13
1789805599,72h,1790064799,71.73
1789809061,24h,1789895461,65.67
1789809061,48h,1789981861,70.21
1789809061,72h,1790068261,71.8
1789812051,24h,1789898451,65.26
1789812051,48h,1789984851,69.92
1789812051,72h,1790071251,71.5
1789815760,24h,1789902160,65.88
1789815760,48h,1789988560,70.27
1789815760,72h,1790074960,71.74
1789820092,24h,1789906492,66.77
1789820092,48h,1789992892,72.02
1789820092,72h,1790079292,73.5
1789823268,24h,1789909668,66.64
1789823268,48h,1789996068,72.48
1789823268,72h,1790082468,74.01
1789826632,24h,1789913032,68.06
1789826632,48h,1789999432,73.49
1789826632,72h,1790085832,74.83
1789830559,24h,1789916959,69.06
1789830559,48h,1790003359,74.68
1789830559,72h,1790089759,76.0
1789833793,24h,1789920193,69.16
1789833793,48h,1790006593,74.8
1789833793,72h,1790092993,76.0
1789837396,24h,1789923796,69.15
1789837396,48h,1790010196,74.86
1789837396,72h,1790096596,75.97
1789841102,24h,1789927502,70.05
1789841102,48h,1790013902,75.88
1789841102,72h,1790100302,77.02
1789844472,24h,1789930872,69.03
1789844472,48h,1790017272,74.11
1789844472,72h,1790103672,75.3
1789848446,24h,1789934846,69.54
1789848446,48h,1790021246,75.1
1789848446,72h,1790107646,76.3
1789852180,24h,1789938580,69.54
1789852180,48h,1790024980,75.11
1789852180,72h,1790111380,76.22
1789855130,24h,1789941530,70.15
1789855130,48h,1790027930,75.45
1789855130,72h,1790114330,76.55
1789858843,24h,1789945243,70.39
1789858843,48h,1790031643,75.32
1789858843,72h,1790118043,76.18
1789864340,24h,1789950740,70.6
1789864340,48h,1790037140,75.64
1789864340,72h,1790123540,76.38
1789867150,24h,1789953550,70.18
1789867150,48h,1790039950,75.41
1789867150,72h,1790126350,76.26
1789870525,24h,1789956925,71.11
1789870525,48h,1790043325,76.05
1789870525,72h,1790129725,76.84
1789874004,24h,1789960404,70.73
1789874004,48h,1790046804,75.84
1789874004,72h,1790133204,76.74
1789877579,24h,1789963979,71.88
1789877579,48h,1790050379,75.91
1789877579,72h,1790136779,76.33
1789880850,24h,1789967250,72.33
1789880850,48h,1790053650,76.3
1789880850,72h,1790140050,76.58
1789884622,24h,1789971022,71.47
1789884622,48h,1790057422,73.77
1789884622,72h,1790143822,73.72
1789888297,24h,1789974697,70.41
1789888297,48h,1790061097,72.18
1789888297,72h,1790147497,71.93
1789891800,24h,1789978200,69.43
1789891800,48h,1790064600,70.92
1789891800,72h,1790151000,70.72
1789895462,24h,1789981862,69.63
1789895462,48h,1790068262,71.04
1789895462,72h,1790154662,70.8
1789898936,24h,1789985336,70.29
1789898936,48h,1790071736,71.61
1789898936,72h,1790158136,71.2
1789902534,24h,1789988934,69.13
1789902534,48h,1790075334,70.75
1789902534,72h,1790161734,70.56
1789906479,24h,1789992879,70.03
1789906479,48h,1790079279,71.99
1789906479,72h,1790165679,71.75
1789909540,24h,1789995940,70.49
1789909540,48h,1790082340,72.87
1789909540,72h,1790168740,72.67
1789913077,24h,1789999477,70.39
1789913077,48h,1790085877,74.05
1789913077,72h,1790172277,74.11
1789916701,24h,1790003101,70.24
1789916701,48h,1790089501,74.95
1789916701,72h,1790175901,75.41
1789920520,24h,1790006920,71.0
1789920520,48h,1790093320,76.04
1789920520,72h,1790179720,76.44
1789923633,24h,1790010033,70.69
1789923633,48h,1790096433,75.61
1789923633,72h,1790182833,76.03
1789927957,24h,1790014357,74.46
1789927957,48h,1790100757,79.15
1789927957,72h,1790187157,78.61
1789930873,24h,1790017273,70.04
1789930873,48h,1790103673,73.42
1789930873,72h,1790190073,74.62
1789935036,24h,1790021436,69.5
1789935036,48h,1790107836,73.0
1789935036,72h,1790194236,74.36
1789938579,24h,1790024979,69.83
1789938579,48h,1790111379,73.76
1789938579,72h,1790197779,75.17
1789942198,24h,1790028598,69.65
1789942198,48h,1790114998,73.7
1789942198,72h,1790201398,75.1
1789945753,24h,1790032153,70.06
1789945753,48h,1790118553,74.1
1789945753,72h,1790204953,75.4
1789950704,24h,1790037104,70.48
1789950704,48h,1790123504,74.47
1789950704,72h,1790209904,75.72
1789953550,24h,1790039950,71.19
1789953550,48h,1790126350,75.09
1789953550,72h,1790212750,76.17
1789957133,24h,1790043533,71.26
1789957133,48h,1790129933,75.37
1789957133,72h,1790216333,76.44
1789960211,24h,1790046611,71.35
1789960211,48h,1790133011,74.66
1789960211,72h,1790219411,75.43
1789964064,24h,1790050464,72.05
1789964064,48h,1790136864,74.22
1789964064,72h,1790223264,74.75
1789967533,24h,1790053933,71.89
1789967533,48h,1790140333,73.24
1789967533,72h,1790226733,73.45
1789971550,24h,1790057950,70.48
1789971550,48h,1790144350,70.77
1789971550,72h,1790230750,70.87
1789975144,24h,1790061544,70.33
1789975144,48h,1790147944,70.26
1789975144,72h,1790234344,70.37
1789978632,24h,1790065032,69.43
1789978632,48h,1790151432,69.09
1789978632,72h,1790237832,69.27
1789982156,24h,1790068556,68.17
1789982156,48h,1790154956,67.64
1789982156,72h,1790241356,67.94
1789985509,24h,1790071909,68.24
1789985509,48h,1790158309,67.82
1789985509,72h,1790244709,68.16
1789988484,24h,1790074884,68.35
1789988484,48h,1790161284,68.41
1789988484,72h,1790247684,68.89
1789992302,24h,1790078702,69.46
1789992302,48h,1790165102,70.34
1789992302,72h,1790251502,70.95
1789996182,24h,1790082582,70.05
1789996182,48h,1790168982,71.82
1789996182,72h,1790255382,72.69
1789999966,24h,1790086366,70.57
1789999966,48h,1790172766,73.07
1789999966,72h,1790259166,74.07
1790003123,24h,1790089523,71.24
1790003123,48h,1790175923,74.04
1790003123,72h,1790262323,75.05
1790007151,24h,1790093551,71.81
1790007151,48h,1790179951,74.45
1790007151,72h,1790266351,75.3
1790010285,24h,1790096685,71.67
1790010285,48h,1790183085,74.31
1790010285,72h,1790269485,75.17
1790014386,24h,1790100786,71.85
1790014386,48h,1790187186,75.09
1790014386,72h,1790273586,75.92
1790017242,24h,1790103642,71.4
1790017242,48h,1790190042,73.68
1790017242,72h,1790276442,74.39
1790021458,24h,1790107858,71.31
1790021458,48h,1790194258,74.09
1790021458,72h,1790280658,74.97
1790024784,24h,1790111184,71.02
1790024784,48h,1790197584,73.83
1790024784,72h,1790283984,74.71
1790028670,24h,1790115070,70.98
1790028670,48h,1790201470,73.89
1790028670,72h,1790287870,74.86
1790031616,24h,1790118016,71.44
1790031616,48h,1790204416,74.82
1790031616,72h,1790290816,75.88
1790036812,24h,1790123212,71.47
1790036812,48h,1790209612,74.91
1790036812,72h,1790296012,75.9
1790039550,24h,1790125950,71.28
1790039550,48h,1790212350,75.08
1790039550,72h,1790298750,76.07
1790043367,24h,1790129767,71.73
1790043367,48h,1790216167,75.99
1790043367,72h,1790302567,77.15
1790046832,24h,1790133232,70.81
1790046832,48h,1790219632,74.36
1790046832,72h,1790306032,75.54
1790050147,24h,1790136547,70.6
1790050147,48h,1790222947,73.3
1790050147,72h,1790309347,74.25
1790053502,24h,1790139902,69.24
1790053502,48h,1790226302,71.51
1790053502,72h,1790312702,72.37
1790057950,24h,1790144350,69.01
1790057950,48h,1790230750,70.41
1790057950,72h,1790317150,71.07
1790061226,24h,1790147626,68.01
1790061226,48h,1790234026,68.64
1790061226,72h,1790320426,69.19
1790064937,24h,1790151337,66.65
1790064937,48h,1790237737,67.31
1790064937,72h,1790324137,67.97
1790067892,24h,1790154292,66.55
1790067892,48h,1790240692,68.16
1790067892,72h,1790327092,69.11
1790071948,24h,1790158348,66.13
1790071948,48h,1790244748,67.89
1790071948,72h,1790331148,69.02
1790075425,24h,1790161825,66.54
1790075425,48h,1790248225,68.82
1790075425,72h,1790334625,70.18
1790079397,24h,1790165797,66.79
1790079397,48h,1790252197,69.72
1790079397,72h,1790338597,71.05
1790082702,24h,1790169102,67.67
1790082702,48h,1790255502,71.11
1790082702,72h,1790341902,72.49
1790086301,24h,1790172701,68.59
1790086301,48h,1790259101,72.9
1790086301,72h,1790345501,74.49
1790089879,24h,1790176279,67.62
1790089879,48h,1790262679,72.66
1790089879,72h,1790349079,74.66
1790093506,24h,1790179906,67.26
1790093506,48h,1790266306,72.64
1790093506,72h,1790352706,74.74
1790097022,24h,1790183422,67.06
1790097022,48h,1790269822,73.02
1790097022,72h,1790356222,75.45
1790100885,24h,1790187285,67.03
1790100885,48h,1790273685,73.03
1790100885,72h,1790360085,75.57
1790104196,24h,1790190596,65.64
1790104196,48h,1790276996,71.18
1790104196,72h,1790363396,73.79
1790107694,24h,1790194094,65.75
1790107694,48h,1790280494,71.81
1790107694,72h,1790366894,74.61
1790111374,24h,1790197774,66.42
1790111374,48h,1790284174,72.38
1790111374,72h,1790370574,74.97
1790114986,24h,1790201386,66.67
1790114986,48h,1790287786,72.76
1790114986,72h,1790374186,75.43
1790118302,24h,1790204702,66.74
1790118302,48h,1790291102,72.91
1790118302,72h,1790377502,75.6
1790123036,24h,1790209436,67.43
1790123036,48h,1790295836,73.59
1790123036,72h,1790382236,76.31
1790126519,24h,1790212919,66.62
1790126519,48h,1790299319,73.13
1790126519,72h,1790385719,75.91
1790129764,24h,1790216164,66.06
1790129764,48h,1790302564,73.27
1790129764,72h,1790388964,76.15
1790133128,24h,1790219528,65.42
1790133128,48h,1790305928,72.58
1790133128,72h,1790392328,75.4
1790136827,24h,1790223227,64.53
1790136827,48h,1790309627,70.73
1790136827,72h,1790396027,73.54
1790139623,24h,1790226023,64.75
1790139623,48h,1790312423,70.44
1790139623,72h,1790398823,73.01
1790144144,24h,1790230544,64.17
1790144144,48h,1790316944,68.57
1790144144,72h,1790403344,70.77
1790147101,24h,1790233501,63.38
1790147101,48h,1790319901,67.45
1790147101,72h,1790406301,69.66
1790151328,24h,1790237728,63.17
1790151328,48h,1790324128,67.52
1790151328,72h,1790410528,69.75
1790154741,24h,1790241141,63.22
1790154741,48h,1790327541,68.26
1790154741,72h,1790413941,70.52
1790157901,24h,1790244301,62.46
1790157901,48h,1790330701,67.33
1790157901,72h,1790417101,69.5
1790161844,24h,1790248244,63.02
1790161844,48h,1790334644,67.87
1790161844,72h,1790421044,69.89
1790165822,24h,1790252222,63.46
1790165822,48h,1790338622,68.68
1790165822,72h,1790425022,70.74
1790168794,24h,1790255194,63.36
1790168794,48h,1790341594,69.05
1790168794,72h,1790427994,71.22
1790173069,24h,1790259469,64.5
1790173069,48h,1790345869,70.98
1790173069,72h,1790432269,73.21
1790179988,24h,1790266388,65.46
1790179988,48h,1790352788,72.46
1790179988,72h,1790439188,75.04
1790182873,24h,1790269273,65.87
1790182873,48h,1790355673,72.32
1790182873,72h,1790442073,75.12
1790186775,24h,1790273175,65.95
1790186775,48h,1790359575,72.33
1790186775,72h,1790445975,75.12
1790189904,24h,1790276304,66.78
1790189904,48h,1790362704,73.46
1790189904,72h,1790449104,76.17
1790194319,24h,1790280719,65.08
1790194319,48h,1790367119,71.47
1790194319,72h,1790453519,74.66
1790197843,24h,1790284243,64.92
1790197843,48h,1790370643,71.59
1790197843,72h,1790457043,74.7
1790201458,24h,1790287858,64.93
1790201458,48h,1790374258,71.66
1790201458,72h,1790460658,74.78
1790204850,24h,1790291250,64.78
1790204850,48h,1790377650,71.66
1790204850,72h,1790464050,74.89
1790209730,24h,1790296130,64.48
1790209730,48h,1790382530,71.47
1790209730,72h,1790468930,74.79
1790212971,24h,1790299371,64.99
1790212971,48h,1790385771,71.9
1790212971,72h,1790472171,75.21
1790216170,24h,1790302570,64.39
1790216170,48h,1790388970,71.53
1790216170,72h,1790475370,74.85
1790219102,24h,1790305502,64.73
1790219102,48h,1790391902,71.3
1790219102,72h,1790478302,74.5
1790222983,24h,1790309383,65.33
1790222983,48h,1790395783,71.42
1790222983,72h,1790482183,74.33
1790226740,24h,1790313140,64.24
1790226740,48h,1790399540,69.64
1790226740,72h,1790485940,72.36
1790230777,24h,1790317177,64.79
1790230777,48h,1790403577,69.52
1790230777,72h,1790489977,72.02
1790234061,24h,1790320461,65.23
1790234061,48h,1790406861,69.98
1790234061,72h,1790493261,72.28
1790237319,24h,1790323719,64.53
1790237319,48h,1790410119,68.75
1790237319,72h,1790496519,71.11
1790241157,24h,1790327557,64.58
1790241157,48h,1790413957,68.78
1790241157,72h,1790500357,71.06
1790244719,24h,1790331119,65.56
1790244719,48h,1790417519,70.0
1790244719,72h,1790503919,72.19
1790248258,24h,1790334658,65.59
1790248258,48h,1790421058,70.01
1790248258,72h,1790507458,72.26
1790252215,24h,1790338615,65.99
1790252215,48h,1790425015,70.97
1790252215,72h,1790511415,73.2
1790255056,24h,1790341456,65.68
1790255056,48h,1790427856,70.7
1790255056,72h,1790514256,73.06
1790259155,24h,1790345555,66.09
1790259155,48h,1790431955,72.55
1790259155,72h,1790518355,75.2
1790262689,24h,1790349089,66.28
1790262689,48h,1790435489,73.05
1790262689,72h,1790521889,75.62
1790266380,24h,1790352780,65.56
1790266380,48h,1790439180,72.61
1790266380,72h,1790525580,75.32
1790269828,24h,1790356228,65.72
1790269828,48h,1790442628,73.63
1790269828,72h,1790529028,76.36
1790273641,24h,1790360041,65.4
1790273641,48h,1790446441,73.85
1790273641,72h,1790532841,76.5
1790276339,24h,1790362739,65.4
1790276339,48h,1790449139,74.02
1790276339,72h,1790535539,76.69
1790280745,24h,1790367145,63.25
1790280745,48h,1790453545,71.57
1790280745,72h,1790539945,74.38
1790284251,24h,1790370651,63.29
1790284251,48h,1790457051,71.8
1790284251,72h,1790543451,74.57
1790287750,24h,1790374150,62.37
1790287750,48h,1790460550,71.28
1790287750,72h,1790546950,74.14
1790291420,24h,1790377820,62.05
1790291420,48h,1790464220,71.15
1790291420,72h,1790550620,74.18
1790296204,24h,1790382604,63.69
1790296204,48h,1790469004,72.83
1790296204,72h,1790555404,76.01
1790299189,24h,1790385589,63.77
1790299189,48h,1790471989,72.97
1790299189,72h,1790558389,76.22
1790302502,24h,1790388902,63.31
1790302502,48h,1790475302,72.45
1790302502,72h,1790561702,75.84
1790305981,24h,1790392381,64.37
1790305981,48h,1790478781,72.94
1790305981,72h,1790565181,75.99
1790309625,24h,1790396025,63.24
1790309625,48h,1790482425,71.55
1790309625,72h,1790568825,74.62
1790313064,24h,1790399464,63.74
1790313064,48h,1790485864,71.03
1790313064,72h,1790572264,73.7
1790317195,24h,1790403595,62.44
1790317195,48h,1790489995,69.14
1790317195,72h,1790576395,71.73
1790320178,24h,1790406578,62.79
1790320178,48h,1790492978,68.6
1790320178,72h,1790579378,71.14
1790324138,24h,1790410538,61.94
1790324138,48h,1790496938,67.99
1790324138,72h,1790583338,70.54
1790327551,24h,1790413951,62.52
1790327551,48h,1790500351,68.33
1790327551,72h,1790586751,70.87
1790331109,24h,1790417509,62.03
1790331109,48h,1790503909,68.44
1790331109,72h,1790590309,71.16
1790334077,24h,1790420477,61.6
1790334077,48h,1790506877,68.28
1790334077,72h,1790593277,70.95
1790338625,24h,1790425025,61.5
1790338625,48h,1790511425,68.98
1790338625,72h,1790597825,71.58
1790341490,24h,1790427890,60.64
1790341490,48h,1790514290,69.62
1790341490,72h,1790600690,72.5
1790345380,24h,1790431780,59.79
1790345380,48h,1790518180,70.13
1790345380,72h,1790604580,72.99
1790348577,24h,1790434977,59.34
1790348577,48h,1790521377,70.0
1790348577,72h,1790607777,72.92
1790352787,24h,1790439187,59.83
1790352787,48h,1790525587,70.74
1790352787,72h,1790611987,73.62
1790355608,24h,1790442008,60.19
1790355608,48h,1790528408,71.61
1790355608,72h,1790614808,74.7
1790360022,24h,1790446422,60.9
1790360022,48h,1790532822,72.25
1790360022,72h,1790619222,75.35
1790362819,24h,1790449219,59.83
1790362819,48h,1790535619,70.43
1790362819,72h,1790622019,73.58
1790367019,24h,1790453419,60.27
1790367019,48h,1790539819,70.61
1790367019,72h,1790626219,73.82
1790370087,24h,1790456487,60.01
1790370087,48h,1790542887,70.41
1790370087,72h,1790629287,73.66
1790373997,24h,1790460397,60.24
1790373997,48h,1790546797,70.65
1790373997,72h,1790633197,73.9
1790377150,24h,1790463550,60.12
1790377150,48h,1790549950,70.38
1790377150,72h,1790636350,73.73
1790382524,24h,1790468924,61.03
1790382524,48h,1790555324,71.19
1790382524,72h,1790641724,74.46
1790385649,24h,1790472049,61.2
1790385649,48h,1790558449,71.16
1790385649,72h,1790644849,74.31
1790388301,24h,1790474701,61.78
1790388301,48h,1790561101,71.27
1790388301,72h,1790647501,74.39
1790392180,24h,1790478580,61.45
1790392180,48h,1790564980,70.87
1790392180,72h,1790651380,74.13
1790395956,24h,1790482356,61.42
1790395956,48h,1790568756,70.29
1790395956,72h,1790655156,73.5
1790399315,24h,1790485715,61.48
1790399315,48h,1790572115,69.72
1790399315,72h,1790658515,72.8
1790403038,24h,1790489438,61.59
1790403038,48h,1790575838,69.44
1790403038,72h,1790662238,72.37
1790406644,24h,1790493044,61.1
1790406644,48h,1790579444,68.93
1790406644,72h,1790665844,71.66
1790410462,24h,1790496862,60.72
1790410462,48h,1790583262,67.97
1790410462,72h,1790669662,70.77
1790413815,24h,1790500215,59.92
1790413815,48h,1790586615,68.0
1790413815,72h,1790673015,70.87
1790417400,24h,1790503800,59.87
1790417400,48h,1790590200,67.94
1790417400,72h,1790676600,70.8
1790420446,24h,1790506846,60.51
1790420446,48h,1790593246,68.44
1790420446,72h,1790679646,71.15
1790424049,24h,1790510449,60.26
1790424049,48h,1790596849,68.67
1790424049,72h,1790683249,71.61
1790428164,24h,1790514564,60.8
1790428164,48h,1790600964,69.58
1790428164,72h,1790687364,72.62
1790431501,24h,1790517901,60.67
1790431501,48h,1790604301,70.42
1790431501,72h,1790690701,73.56
1790435044,24h,1790521444,60.96
1790435044,48h,1790607844,70.41
1790435044,72h,1790694244,73.57
1790439084,24h,1790525484,62.24
1790439084,48h,1790611884,72.03
1790439084,72h,1790698284,75.21
1790442311,24h,1790528711,62.46
1790442311,48h,1790615111,72.34
1790442311,72h,1790701511,75.48
1790446355,24h,1790532755,62.9
1790446355,48h,1790619155,72.76
1790446355,72h,1790705555,75.71
1790449729,24h,1790536129,62.77
1790449729,48h,1790622529,71.59
1790449729,72h,1790708929,74.5
1790452823,24h,1790539223,62.67
1790452823,48h,1790625623,71.44
1790452823,72h,1790712023,74.42
1790456982,24h,1790543382,62.06
1790456982,48h,1790629782,70.91
1790456982,72h,1790716182,73.83
1790460055,24h,1790546455,63.34
1790460055,48h,1790632855,71.91
1790460055,72h,1790719255,74.71
1790464190,24h,1790550590,64.54
1790464190,48h,1790636990,72.64
1790464190,72h,1790723390,75.29
1790469009,24h,1790555409,65.03
1790469009,48h,1790641809,72.57
1790469009,72h,1790728209,75.2
1790472083,24h,1790558483,65.59
1790472083,48h,1790644883,72.93
1790472083,72h,1790731283,75.52
1790475544,24h,1790561944,64.94
1790475544,48h,1790648344,72.98
1790475544,72h,1790734744,75.84
1790478846,24h,1790565246,64.5
1790478846,48h,1790651646,72.21
1790478846,72h,1790738046,74.94
1790481901,24h,1790568301,64.26
1790481901,48h,1790654701,71.57
1790481901,72h,1790741101,74.13
1790485608,24h,1790572008,64.57
1790485608,48h,1790658408,70.98
1790485608,72h,1790744808,73.23
1790489782,24h,1790576182,65.15
1790489782,48h,1790662582,71.53
1790489782,72h,1790748982,73.63
1790492664,24h,1790579064,65.64
1790492664,48h,1790665464,71.26
1790492664,72h,1790751864,73.31
1790496693,24h,1790583093,65.71
1790496693,48h,1790669493,70.96
1790496693,72h,1790755893,72.91
1790499768,24h,1790586168,64.89
1790499768,48h,1790672568,70.22
1790499768,72h,1790758968,72.28
1790503270,24h,1790589670,65.23
1790503270,48h,1790676070,70.98
1790503270,72h,1790762470,73.05
1790507369,24h,1790593769,65.76
1790507369,48h,1790680169,71.45
1790507369,72h,1790766569,73.38
1790511367,24h,1790597767,66.41
1790511367,48h,1790684167,72.92
1790511367,72h,1790770567,74.92
1790514015,24h,1790600415,66.89
1790514015,48h,1790686815,73.15
1790514015,72h,1790773215,75.11
1790518221,24h,1790604621,67.12
1790518221,48h,1790691021,73.97
1790518221,72h,1790777421,75.99
1790521798,24h,1790608198,67.9
1790521798,48h,1790694598,74.9
1790521798,72h,1790780998,76.98
1790525250,24h,1790611650,68.67
1790525250,48h,1790698050,75.62
1790525250,72h,1790784450,77.55
1790528702,24h,1790615102,69.02
1790528702,48h,1790701502,75.94
1790528702,72h,1790787902,77.69
1790532782,24h,1790619182,69.83
1790532782,48h,1790705582,76.37
1790532782,72h,1790791982,77.94
1790535569,24h,1790621969,69.75
1790535569,48h,1790708369,76.38
1790535569,72h,1790794769,77.89
1790539853,24h,1790626253,68.97
1790539853,48h,1790712653,74.27
1790539853,72h,1790799053,76.51
1790543136,24h,1790629536,68.83
1790543136,48h,1790715936,74.19
1790543136,72h,1790802336,76.49
1790546897,24h,1790633297,69.08
1790546897,48h,1790719697,74.44
1790546897,72h,1790806097,76.53
1790550314,24h,1790636714,69.0
1790550314,48h,1790723114,74.55
1790550314,72h,1790809514,76.63
1790555557,24h,1790641957,69.41
1790555557,48h,1790728357,74.96
1790555557,72h,1790814757,76.97
1790558637,24h,1790645037,69.66
1790558637,48h,1790731437,75.3
1790558637,72h,1790817837,77.23
1790562262,24h,1790648662,69.63
1790562262,48h,1790735062,75.36
1790562262,72h,1790821462,77.32
1790565119,24h,1790651519,69.29
1790565119,48h,1790737919,74.67
1790565119,72h,1790824319,76.51
1790568750,24h,1790655150,68.97
1790568750,48h,1790741550,73.92
1790568750,72h,1790827950,75.55
1790572352,24h,1790658752,69.22
1790572352,48h,1790745152,73.67
1790572352,72h,1790831552,75.08
1790576512,24h,1790662912,70.5
1790576512,48h,1790749312,74.18
1790576512,72h,1790835712,75.08
1790580594,24h,1790666994,69.16
1790580594,48h,1790753394,72.87
1790580594,72h,1790839794,73.97
1790583721,24h,1790670121,69.4
1790583721,48h,1790756521,73.12
1790583721,72h,1790842921,74.2
1790586995,24h,1790673395,68.83
1790586995,48h,1790759795,72.69
1790586995,72h,1790846195,73.86
1790590373,24h,1790676773,69.22
1790590373,48h,1790763173,73.55
1790590373,72h,1790849573,74.75
1790597957,24h,1790684357,70.23
1790597957,48h,1790770757,74.73
1790597957,72h,1790857157,75.92
1790601244,24h,1790687644,70.6
1790601244,48h,1790774044,75.58
1790601244,72h,1790860444,76.71
1790604715,24h,1790691115,69.76
1790604715,48h,1790777515,75.07
1790604715,72h,1790863915,76.36
1790608318,24h,1790694718,70.36
1790608318,48h,1790781118,75.94
1790608318,72h,1790867518,77.29
1790611992,24h,1790698392,70.74
1790611992,48h,1790784792,76.32
1790611992,72h,1790871192,77.48
1790615460,24h,1790701860,70.95
1790615460,48h,1790788260,76.38
1790615460,72h,1790874660,77.4
1790619313,24h,1790705713,72.11
1790619313,48h,1790792113,77.3
1790619313,72h,1790878513,77.96
1790622365,24h,1790708765,72.02
1790622365,48h,1790795165,76.64
1790622365,72h,1790881565,77.07
1790626289,24h,1790712689,73.37
1790626289,48h,1790799089,77.42
1790626289,72h,1790885489,77.56
1790629836,24h,1790716236,73.9
1790629836,48h,1790802636,77.51
1790629836,72h,1790889036,77.53
1790633501,24h,1790719901,75.02
1790633501,48h,1790806301,77.89
1790633501,72h,1790892701,77.77
1790637053,24h,1790723453,76.22
1790637053,48h,1790809853,78.9
1790637053,72h,1790896253,78.87
1790641851,24h,1790728251,78.27
1790641851,48h,1790814651,79.57
1790641851,72h,1790901051,79.35
1790644750,24h,1790731150,78.49
1790644750,48h,1790817550,79.36
1790644750,72h,1790903950,79.06
1790648193,24h,1790734593,81.0
1790648193,48h,1790820993,81.47
1790648193,72h,1790907393,80.97
1790651645,24h,1790738045,81.58
1790651645,48h,1790824445,81.21
1790651645,72h,1790910845,80.58
1790655247,24h,1790741647,81.57
1790655247,48h,1790828047,80.31
1790655247,72h,1790914447,79.35
1790658542,24h,1790744942,81.48
1790658542,48h,1790831342,80.2
1790658542,72h,1790917742,79.01
1790662584,24h,1790748984,80.84
1790662584,48h,1790835384,79.79
1790662584,72h,1790921784,78.52
1790666355,24h,1790752755,79.83
1790666355,48h,1790839155,79.17
1790666355,72h,1790925555,78.04
1790669527,24h,1790755927,77.47
1790669527,48h,1790842327,77.5
1790669527,72h,1790928727,76.78
1790673222,24h,1790759622,75.78
1790673222,48h,1790846022,76.8
1790673222,72h,1790932422,76.31
1790676739,24h,1790763139,75.09
1790676739,48h,1790849539,77.06
1790676739,72h,1790935939,76.77
1790680197,24h,1790766597,74.41
1790680197,48h,1790852997,76.95
1790680197,72h,1790939397,76.97
1790684045,24h,1790770445,75.5
1790684045,48h,1790856845,78.65
1790684045,72h,1790943245,78.61
1790687401,24h,1790773801,75.86
1790687401,48h,1790860201,79.47
1790687401,72h,1790946601,79.54
1790691094,24h,1790777494,75.76
1790691094,48h,1790863894,79.69
1790691094,72h,1790950294,79.82
1790694732,24h,1790781132,73.81
1790694732,48h,1790867532,79.55
1790694732,72h,1790953932,80.5
1790698371,24h,1790784771,72.78
1790698371,48h,1790871171,78.74
1790698371,72h,1790957571,79.93
1790701477,24h,1790787877,72.63
1790701477,48h,1790874277,78.73
1790701477,72h,1790960677,79.98
1790705716,24h,1790792116,73.42
1790705716,48h,1790878516,79.99
1790705716,72h,1790964916,81.3
1790708446,24h,1790794846,71.89
1790708446,48h,1790881246,78.15
1790708446,72h,1790967646,79.54
1790712606,24h,1790799006,72.2
1790712606,48h,1790885406,78.65
1790712606,72h,1790971806,80.06
1790716237,24h,1790802637,71.43
1790716237,48h,1790889037,78.18
1790716237,72h,1790975437,79.76
1790719888,24h,1790806288,71.02
1790719888,48h,1790892688,78.1
1790719888,72h,1790979088,79.76
1790723435,24h,1790809835,70.63
1790723435,48h,1790896235,78.37
1790723435,72h,1790982635,80.45
1790728341,24h,1790814741,70.61
1790728341,48h,1790901141,78.89
1790728341,72h,1790987541,80.79
1790731833,24h,1790818233,70.13
1790731833,48h,1790904633,78.45
1790731833,72h,1790991033,80.43
1790734632,24h,1790821032,69.31
1790734632,48h,1790907432,77.99
1790734632,72h,1790993832,80.14
1790738093,24h,1790824493,68.28
1790738093,48h,1790910893,76.65
1790738093,72h,1790997293,78.79
1790741680,24h,1790828080,68.23
1790741680,48h,1790914480,75.73
1790741680,72h,1791000880,77.41
1790745142,24h,1790831542,67.64
1790745142,48h,1790917942,74.68
1790745142,72h,1791004342,76.26
1790749221,24h,1790835621,68.08
1790749221,48h,1790922021,75.12
1790749221,72h,1791008421,76.57
1790752750,24h,1790839150,66.45
1790752750,48h,1790925550,72.84
1790752750,72h,1791011950,74.46
1790756177,24h,1790842577,66.39
1790756177,48h,1790928977,73.01
1790756177,72h,1791015377,74.64
1790759587,24h,1790845987,65.22
1790759587,48h,1790932387,72.71
1790759587,72h,1791018787,74.38
1790763168,24h,1790849568,64.54
1790763168,48h,1790935968,72.04
1790763168,72h,1791022368,73.69
1790766633,24h,1790853033,64.05
1790766633,48h,1790939433,73.03
1790766633,72h,1791025833,75.05
1790770750,24h,1790857150,62.85
1790770750,48h,1790943550,72.45
1790770750,72h,1791029950,74.68
1790774159,24h,1790860559,62.44
1790774159,48h,1790946959,73.11
1790774159,72h,1791033359,75.56
1790777590,24h,1790863990,60.89
1790777590,48h,1790950390,73.37
1790777590,72h,1791036790,76.15
1790780938,24h,1790867338,61.65
1790780938,48h,1790953738,74.77
1790780938,72h,1791040138,77.78
1790784075,24h,1790870475,61.34
1790784075,48h,1790956875,74.84
1790784075,72h,1791043275,78.01
1790787689,24h,1790874089,61.3
1790787689,48h,1790960489,75.41
1790787689,72h,1791046889,78.91
1790791912,24h,1790878312,59.59
1790791912,48h,1790964712,74.18
1790791912,72h,1791051112,78.16
1790795329,24h,1790881729,56.31
1790795329,48h,1790968129,67.79
1790795329,72h,1791054529,70.98
1790799227,24h,1790885627,56.41
1790799227,48h,1790972027,68.05
1790799227,72h,1791058427,71.35
1790802691,24h,1790889091,56.39
1790802691,48h,1790975491,67.99
1790802691,72h,1791061891,71.52
1790806279,24h,1790892679,56.19
1790806279,48h,1790979079,67.95
1790806279,72h,1791065479,71.57
1790809845,24h,1790896245,56.23
1790809845,48h,1790982645,68.64
1790809845,72h,1791069045,72.5
1790814983,24h,1790901383,56.25
1790814983,48h,1790987783,68.57
1790814983,72h,1791074183,72.64
1790818675,24h,1790905075,55.91
1790818675,48h,1790991475,68.43
1790818675,72h,1791077875,72.56
1790821576,24h,1790907976,55.67
1790821576,48h,1790994376,68.29
1790821576,72h,1791080776,72.5
1790824547,24h,1790910947,55.18
1790824547,48h,1790997347,67.57
1790824547,72h,1791083747,71.73
1790828063,24h,1790914463,54.24
1790828063,48h,1791000863,66.58
1790828063,72h,1791087263,70.64
1790831250,24h,1790917650,54.39
1790831250,48h,1791004050,65.78
1790831250,72h,1791090450,69.46
1790836465,24h,1790922865,53.92
1790836465,48h,1791009265,65.09
1790836465,72h,1791095665,68.56
1790839205,24h,1790925605,52.75
1790839205,48h,1791012005,63.15
1790839205,72h,1791098405,66.46
1790842357,24h,1790928757,53.07
1790842357,48h,1791015157,63.54
1790842357,72h,1791101557,66.73
1790845501,24h,1790931901,51.82
1790845501,48h,1791018301,62.09
1790845501,72h,1791104701,65.32
1790849538,24h,1790935938,51.35
1790849538,48h,1791022338,62.33
1790849538,72h,1791108738,65.72
1790853047,24h,1790939447,51.11
1790853047,48h,1791025847,62.26
1790853047,72h,1791112247,65.52
1790856966,24h,1790943366,51.33
1790856966,48h,1791029766,63.12
1790856966,72h,1791116166,66.51
1790860473,24h,1790946873,51.95
1790860473,48h,1791033273,64.66
1790860473,72h,1791119673,68.35
1790863406,24h,1790949806,52.1
1790863406,48h,1791036206,65.26
1790863406,72h,1791122606,69.03
1790867371,24h,1790953771,52.17
1790867371,48h,1791040171,65.85
1790867371,72h,1791126571,69.9
1790871121,24h,1790957521,52.11
1790871121,48h,1791043921,66.57
1790871121,72h,1791130321,70.87
1790874646,24h,1790961046,52.0
1790874646,48h,1791047446,66.58
1790874646,72h,1791133846,70.99
1790878537,24h,1790964937,51.74
1790878537,48h,1791051337,66.45
1790878537,72h,1791137737,70.97
1790881500,24h,1790967900,50.44
1790881500,48h,1791054300,64.76
1790881500,72h,1791140700,69.39
1790885573,24h,1790971973,50.46
1790885573,48h,1791058373,64.89
1790885573,72h,1791144773,69.63
1790888941,24h,1790975341,49.92
1790888941,48h,1791061741,64.59
1790888941,72h,1791148141,69.5
1790892651,24h,1790979051,48.98
1790892651,48h,1791065451,64.14
1790892651,72h,1791151851,69.17
1790895456,24h,1790981856,49.41
1790895456,48h,1791068256,64.6
1790895456,72h,1791154656,69.72
1790901117,24h,1790987517,49.31
1790901117,48h,1791073917,65.34
1790901117,72h,1791160317,70.79
1790904495,24h,1790990895,48.9
1790904495,48h,1791077295,65.06
1790904495,72h,1791163695,70.59
1790907473,24h,1790993873,48.91
1790907473,48h,1791080273,65.48
1790907473,72h,1791166673,71.0
1790910854,24h,1790997254,48.57
1790910854,48h,1791083654,64.85
1790910854,72h,1791170054,70.34
1790914356,24h,1791000756,49.14
1790914356,48h,1791087156,64.39
1790914356,72h,1791173556,69.5
