timestamp,hour,day,month,day_of_week,temp,humidity,wind_speed,pm2_5,pm10,co,no2,so2,o3,aqi,dominant_pollutant
1790291420,4,25,9,4,28.07,78,6.69,7.77,32.83,85.39,0.1,0.77,39.97,43,PM2.5
1790296204,5,25,9,4,27.07,78,4.63,8.04,32.52,89.14,0.09,0.73,43.11,45,PM2.5
1790299189,6,25,9,4,27.06,83,2.57,8.04,32.52,89.14,0.09,0.73,43.11,45,PM2.5
1790302502,7,25,9,4,27.07,83,5.14,8.24,32.99,90.46,0.09,0.72,44.2,46,PM2.5
1790305981,8,25,9,4,28.07,74,2.57,8.32,33.23,90.65,0.1,0.71,44.52,46,PM2.5
1790309625,9,25,9,4,29.07,70,5.66,8.3,33.19,90.29,0.08,0.69,44.35,46,PM2.5
1790313064,10,25,9,4,31.07,58,4.12,8.27,33.1,90.48,0.07,0.68,44.5,46,PM2.5
1790317195,11,25,9,4,33.07,52,6.17,8.36,33.29,91.35,0.06,0.67,44.77,46,PM2.5
1790320178,12,25,9,4,34.07,46,6.69,8.55,33.8,92.38,0.05,0.66,45.23,48,PM2.5
1790324138,13,25,9,4,34.07,46,9.26,8.73,34.3,93.4,0.05,0.65,45.58,48,PM2.5
1790327551,14,25,9,4,34.07,46,8.23,8.84,34.74,93.95,0.05,0.63,45.72,49,PM2.5
1790331109,15,25,9,4,33.07,52,9.77,8.85,35.18,93.98,0.05,0.63,45.72,49,PM2.5
1790334077,16,25,9,4,33.07,52,10.29,8.67,35.25,92.69,0.05,0.63,45.14,48,PM2.5
1790338625,17,25,9,4,32.07,55,9.77,8.36,34.91,90.27,0.06,0.63,43.98,46,PM2.5
1790341490,18,25,9,4,30.07,66,10.8,8.01,34.42,87.66,0.07,0.64,42.51,44,PM2.5
1790345380,19,25,9,4,29.07,70,9.26,7.0,31.82,79.62,0.09,0.7,37.72,39,PM2.5
1790348577,20,25,9,4,29.07,70,9.77,6.87,31.75,79.79,0.09,0.71,37.92,38,PM2.5
1790352787,21,25,9,4,29.07,70,6.69,6.72,31.46,81.28,0.09,0.7,38.88,37,PM2.5
1790355608,22,25,9,4,28.07,74,6.17,6.63,31.29,82.94,0.09,0.7,40.07,37,PM2.5
1790360022,23,25,9,4,28.07,74,4.12,6.64,31.6,83.79,0.09,0.71,40.96,37,PM2.5
1790362819,0,26,9,5,28.07,74,4.63,6.72,32.33,83.71,0.09,0.72,41.35,37,PM2.5
1790367019,1,26,9,5,28.07,74,4.12,6.8,32.97,82.96,0.09,0.73,41.44,38,PM2.5
1790370087,2,26,9,5,28.07,74,5.14,6.85,33.38,82.19,0.08,0.73,41.44,38,PM2.5
1790373997,3,26,9,5,28.07,74,4.63,6.89,33.6,81.97,0.08,0.73,41.69,38,PM2.5
1790377150,3,26,9,5,28.07,74,5.66,7.01,34.26,82.37,0.08,0.72,42.44,39,PM2.5
1790382524,5,26,9,5,28.07,74,3.09,7.2,35.53,83.21,0.08,0.73,43.28,40,PM2.5
1790385649,6,26,9,5,28.07,69,5.14,7.46,37.27,84.09,0.08,0.74,44.04,41,PM2.5
1790388301,7,26,9,5,28.07,69,4.63,7.7,38.78,84.73,0.08,0.74,44.64,43,PM2.5
1790392180,8,26,9,5,28.07,74,5.14,7.92,39.91,85.04,0.08,0.74,45.13,44,PM2.5
1790395956,9,26,9,5,29.07,70,5.66,8.08,40.56,85.44,0.07,0.74,45.77,45,PM2.5
1790399315,10,26,9,5,30.07,62,7.2,8.2,41.03,86.12,0.06,0.73,46.67,46,PM2.5
1790403038,11,26,9,5,31.07,58,6.69,8.29,41.41,86.97,0.05,0.73,47.45,46,PM2.5
1790406644,12,26,9,5,32.07,51,7.2,8.19,40.88,88.34,0.05,0.72,48.14,45,PM2.5
1790410462,13,26,9,5,33.07,52,7.2,8.22,41.16,88.57,0.05,0.71,48.17,46,PM2.5
1790413815,14,26,9,5,32.07,55,9.77,8.13,40.75,88.6,0.04,0.7,47.72,45,PM2.5
1790417400,15,26,9,5,32.07,55,9.77,8.08,40.55,88.26,0.05,0.7,47.25,45,PM2.5
1790420446,16,26,9,5,32.07,51,9.26,8.08,40.36,87.4,0.05,0.7,46.73,45,PM2.5
1790424049,17,26,9,5,31.07,58,10.29,8.06,40.33,86.6,0.06,0.71,46.7,45,PM2.5
1790428164,18,26,9,5,30.07,62,9.77,8.06,40.45,86.03,0.07,0.72,47.05,45,PM2.5
1790431501,19,26,9,5,29.07,70,8.75,7.64,38.01,85.56,0.08,0.71,46.62,42,PM2.5
1790435044,20,26,9,5,29.07,70,9.26,7.71,38.45,84.37,0.08,0.73,46.2,43,PM2.5
1790439084,21,26,9,5,28.07,74,6.17,7.72,38.68,83.24,0.08,0.74,46.02,43,PM2.5
1790442311,22,26,9,5,28.07,74,6.17,7.7,39.06,82.49,0.08,0.75,46.22,43,PM2.5
1790446355,23,26,9,5,28.07,69,6.69,7.79,39.85,81.88,0.08,0.76,46.49,43,PM2.5
1790449729,0,27,9,6,28.07,74,4.12,7.93,41.29,81.59,0.08,0.77,47.32,44,PM2.5
1790452823,1,27,9,6,28.07,74,5.14,8.05,42.15,81.37,0.08,0.77,47.85,45,PM2.5
1790456982,2,27,9,6,28.07,74,8.23,8.15,42.21,81.29,0.08,0.79,48.16,45,PM2.5
1790460055,3,27,9,6,28.07,74,5.14,8.29,43.7,81.86,0.07,0.76,49.66,46,PM2.5
1790464190,4,27,9,6,28.07,74,3.6,8.58,45.73,82.48,0.07,0.75,51.17,48,PM2.5
1790469009,5,27,9,6,28.07,74,5.66,9.35,49.4,82.8,0.08,0.78,51.83,51,PM2.5
1790472083,6,27,9,6,28.06,74,5.14,9.64,50.02,82.76,0.08,0.79,51.23,52,PM2.5
1790475544,7,27,9,6,27.07,83,6.17,9.64,50.02,82.76,0.08,0.79,51.23,52,PM2.5
1790478846,8,27,9,6,28.07,78,7.72,9.76,50.06,82.77,0.09,0.79,50.7,52,PM2.5
1790481901,9,27,9,6,29.07,70,9.26,9.73,49.9,82.82,0.08,0.78,50.42,52,PM2.5
1790485608,10,27,9,6,31.07,62,7.2,9.76,50.0,82.97,0.07,0.78,50.23,52,PM2.5
1790489782,11,27,9,6,31.07,58,7.2,9.86,50.35,83.03,0.06,0.78,50.02,52,PM2.5
1790492664,12,27,9,6,32.07,55,6.17,9.94,50.3,83.03,0.05,0.77,49.59,53,PM2.5
1790496693,13,27,9,6,33.07,52,5.14,9.97,49.79,82.75,0.05,0.77,48.82,53,PM2.5
1790499768,14,27,9,6,33.06,52,8.75,10.01,49.4,82.05,0.05,0.76,47.89,53,PM2.5
1790503270,15,27,9,6,32.07,55,9.26,10.13,49.72,81.49,0.05,0.75,47.13,53,PM2.5
1790507369,16,27,9,6,32.07,55,8.23,10.23,50.05,80.76,0.05,0.74,46.28,53,PM2.5
1790511367,17,27,9,6,30.07,62,8.23,10.36,50.51,79.95,0.06,0.74,45.67,53,PM2.5
1790514015,18,27,9,6,30.07,62,7.72,10.52,51.18,79.37,0.08,0.74,45.27,54,PM2.5
1790518221,19,27,9,6,29.07,70,7.2,10.38,50.44,79.29,0.08,0.68,46.62,53,PM2.5
1790521798,20,27,9,6,28.07,74,6.17,10.49,50.0,78.66,0.09,0.69,45.89,54,PM2.5
1790525250,21,27,9,6,28.07,74,4.12,10.65,50.06,78.05,0.08,0.69,45.41,54,PM2.5
1790528702,22,27,9,6,28.07,74,4.12,10.87,50.51,77.92,0.08,0.69,45.35,54,PM2.5
1790532782,23,27,9,6,28.07,74,3.6,11.04,50.78,78.0,0.08,0.69,45.75,55,PM2.5
1790535569,23,27,9,6,28.07,74,4.12,11.26,50.74,78.66,0.08,0.7,46.31,55,PM2.5
1790539853,1,28,9,0,27.07,78,3.09,10.91,49.67,79.21,0.08,0.67,47.62,54,PM2.5
1790543136,2,28,9,0,27.07,78,3.6,10.79,48.99,80.02,0.07,0.66,48.46,54,PM2.5
1790546897,3,28,9,0,27.07,78,3.6,10.76,48.94,80.77,0.07,0.65,49.28,54,PM2.5
1790550314,4,28,9,0,27.06,78,3.6,10.78,49.28,81.41,0.07,0.64,50.11,54,PM2.5
1790555557,5,28,9,0,27.07,78,3.09,11.02,50.47,82.5,0.07,0.62,51.02,55,PM2.5
1790558637,6,28,9,0,27.07,78,2.57,11.14,51.12,82.86,0.07,0.61,51.47,55,PM2.5
1790562262,7,28,9,0,27.07,78,3.09,11.14,51.12,82.86,0.07,0.61,51.47,55,PM2.5
1790565119,8,28,9,0,28.07,74,4.12,11.21,51.55,83.07,0.08,0.58,51.83,55,PM2.5
1790568750,9,28,9,0,29.07,65,6.69,11.18,51.7,83.12,0.07,0.56,51.9,55,PM2.5
1790572352,10,28,9,0,30.07,58,6.69,11.18,51.98,83.09,0.06,0.54,51.99,55,PM2.5
1790576512,11,28,9,0,31.07,51,5.14,11.86,55.05,83.2,0.05,0.54,52.2,56,PM2.5
1790580594,12,28,9,0,32.07,48,6.69,11.21,52.32,83.17,0.04,0.51,52.09,55,PM2.5
1790583721,13,28,9,0,32.07,48,6.17,11.21,52.12,83.11,0.04,0.5,51.89,55,PM2.5
1790586995,14,28,9,0,32.07,48,8.23,11.19,51.83,82.91,0.04,0.5,51.58,55,PM2.5
1790590373,15,28,9,0,31.07,51,8.23,11.26,51.97,82.81,0.04,0.49,51.61,55,PM2.5
1790597957,17,28,9,0,30.07,58,6.17,11.56,53.27,82.4,0.05,0.5,52.11,56,PM2.5
1790601244,18,28,9,0,29.07,61,6.17,11.73,54.38,82.34,0.07,0.5,52.72,56,PM2.5
1790604715,19,28,9,0,29.07,65,5.14,10.9,49.79,82.43,0.07,0.48,52.14,54,PM2.5
1790608318,20,28,9,0,28.07,69,4.63,11.09,51.11,82.49,0.07,0.49,52.85,55,PM2.5
1790611992,21,28,9,0,28.07,69,4.12,11.31,52.91,82.37,0.07,0.49,53.44,55,PM2.5
1790615460,22,28,9,0,28.07,69,5.14,11.68,56.06,82.54,0.07,0.48,54.25,56,PM2.5
1790619313,23,28,9,0,28.07,69,3.09,12.26,61.04,82.6,0.07,0.48,54.87,57,PM2.5
1790622365,0,29,9,1,27.07,74,3.09,12.97,67.3,82.53,0.07,0.46,55.07,58,PM2.5
1790626289,1,29,9,1,27.07,74,2.06,13.66,73.4,82.62,0.07,0.45,55.22,60,PM10
1790629836,2,29,9,1,27.07,74,3.09,14.21,78.02,82.64,0.07,0.42,55.41,62,PM10
1790633501,3,29,9,1,27.07,74,3.09,14.83,83.79,82.79,0.06,0.39,55.8,65,PM10
1790637053,4,29,9,1,26.07,83,2.06,15.49,90.21,83.02,0.06,0.37,56.58,68,PM10
1790641851,5,29,9,1,26.07,83,2.06,16.75,101.61,83.43,0.06,0.33,58.25,74,PM10
1790644750,6,29,9,1,27.07,78,2.06,16.75,101.61,83.43,0.06,0.33,58.25,74,PM10
1790648193,7,29,9,1,26.06,78,0.0,17.47,107.38,83.66,0.06,0.31,59.13,77,PM10
1790651645,8,29,9,1,27.07,78,0.0,18.06,111.48,83.98,0.06,0.29,59.84,79,PM10
1790655247,9,29,9,1,29.07,65,2.06,18.17,111.64,83.93,0.05,0.28,60.16,79,PM10
1790658542,10,29,9,1,30.07,54,3.09,17.82,108.37,84.0,0.04,0.26,59.91,77,PM10
1790662584,11,29,9,1,31.07,45,3.6,17.01,102.28,83.98,0.04,0.25,59.22,74,PM10
1790666355,12,29,9,1,32.07,43,2.06,15.78,93.73,83.65,0.03,0.23,57.88,70,PM10
1790669527,13,29,9,1,33.07,43,3.6,14.45,84.71,83.41,0.03,0.22,56.43,66,PM10
1790673222,14,29,9,1,33.07,43,5.14,13.33,77.3,83.1,0.03,0.22,55.18,62,PM10
1790676739,15,29,9,1,32.07,45,6.69,12.69,73.5,83.23,0.03,0.21,54.61,60,PM10
1790680197,16,29,9,1,31.07,51,8.75,12.4,72.46,83.35,0.03,0.2,54.46,60,PM10
1790684045,17,29,9,1,30.07,54,4.63,12.18,72.01,83.37,0.04,0.2,54.62,59,PM10
1790687401,18,29,9,1,29.07,58,4.12,12.03,71.9,83.65,0.05,0.19,55.01,59,PM10
1790691094,19,29,9,1,28.07,61,6.17,11.92,72.05,83.9,0.05,0.18,55.41,59,PM10
1790694732,20,29,9,1,28.07,65,2.57,9.69,53.38,83.58,0.05,0.19,53.28,52,PM2.5
1790698371,21,29,9,1,28.07,65,5.14,9.51,52.93,83.71,0.05,0.18,53.63,52,PM2.5
1790701477,22,29,9,1,28.06,65,5.14,9.41,53.0,83.84,0.05,0.17,54.16,52,PM2.5
1790705716,23,29,9,1,27.07,69,3.09,9.38,53.32,84.0,0.05,0.16,54.79,52,PM2.5
1790708446,0,30,9,2,27.07,69,3.6,9.32,53.34,84.05,0.05,0.15,55.27,51,PM2.5
1790712606,1,30,9,2,27.07,69,1.54,9.3,53.21,84.11,0.05,0.15,55.73,51,PM2.5
1790716237,2,30,9,2,27.07,69,3.09,9.29,53.08,84.21,0.04,0.14,56.06,51,PM2.5
1790719888,3,30,9,2,27.07,69,3.09,9.35,53.26,84.22,0.04,0.14,56.36,51,PM2.5
1790723435,4,30,9,2,26.07,78,2.57,9.47,53.91,84.21,0.04,0.13,56.73,52,PM2.5
1790728341,5,30,9,2,26.07,73,2.06,9.89,56.75,84.43,0.04,0.12,57.89,52,PM2.5
1790731833,6,30,9,2,26.07,78,2.57,10.3,59.96,84.49,0.04,0.12,58.04,53,PM10
1790734632,7,30,9,2,26.06,78,3.09,10.18,58.76,84.48,0.04,0.12,58.57,53,PM2.5
1790738093,8,30,9,2,27.07,78,4.12,10.44,60.63,84.61,0.05,0.11,59.27,54,PM10
1790741680,9,30,9,2,29.07,65,4.12,10.55,61.28,84.52,0.04,0.11,59.74,54,PM10
1790745142,10,30,9,2,30.07,58,6.17,10.43,60.42,84.51,0.03,0.1,59.9,54,PM10
1790749221,11,30,9,2,30.07,54,5.14,10.11,58.39,84.3,0.03,0.1,59.42,53,PM2.5
1790752750,12,30,9,2,32.07,48,8.23,9.56,54.91,83.94,0.03,0.1,58.55,52,PM2.5
1790756177,13,30,9,2,32.07,48,6.17,8.93,51.08,83.45,0.03,0.1,57.4,50,PM2.5
1790759587,14,30,9,2,32.07,48,7.72,8.37,47.63,82.85,0.03,0.1,56.42,46,PM2.5
1790763168,15,30,9,2,33.07,43,7.2,7.92,44.84,82.58,0.03,0.11,55.67,44,PM2.5
1790766633,16,30,9,2,31.07,51,7.2,7.52,42.41,82.11,0.03,0.12,54.95,42,PM2.5
1790770750,17,30,9,2,31.07,51,8.75,7.15,40.11,81.59,0.03,0.13,54.29,40,PM2.5
1790774159,18,30,9,2,30.07,54,8.23,6.84,38.21,81.38,0.04,0.14,53.84,38,PM2.5
1790777590,19,30,9,2,29.07,58,7.72,5.86,32.7,80.66,0.05,0.18,53.5,33,PM2.5
1790780938,20,30,9,2,28.07,65,4.63,5.62,31.66,80.42,0.05,0.18,53.15,31,PM2.5
1790784075,21,30,9,2,28.07,65,3.6,5.44,30.84,80.1,0.05,0.19,53.02,30,PM2.5
1790787689,22,30,9,2,27.07,69,3.09,5.35,30.37,80.05,0.05,0.19,53.4,30,PM2.5
1790791912,23,30,9,2,27.07,74,6.17,5.34,30.14,80.11,0.05,0.19,54.35,30,PM2.5
1790795329,0,1,10,3,27.07,74,5.14,5.39,29.91,80.13,0.04,0.18,55.69,30,PM2.5
1790799227,1,1,10,3,27.07,74,4.12,5.47,29.74,80.37,0.04,0.18,57.26,30,PM2.5
1790802691,2,1,10,3,27.07,74,4.12,5.55,29.56,80.45,0.04,0.18,58.57,31,PM2.5
1790806279,3,1,10,3,27.07,74,4.63,5.6,29.41,80.43,0.04,0.18,59.27,31,PM2.5
1790809845,4,1,10,3,26.07,78,3.6,5.64,29.33,80.43,0.04,0.18,59.5,31,PM2.5
1790814983,5,1,10,3,26.07,78,3.6,5.68,29.35,80.34,0.04,0.18,59.54,32,PM2.5
1790818675,6,1,10,3,26.07,78,3.6,5.73,29.44,80.23,0.04,0.16,59.73,32,PM2.5
1790821576,7,1,10,3,26.07,78,3.6,5.69,29.37,80.14,0.04,0.16,59.45,32,PM2.5
1790824547,8,1,10,3,27.07,74,3.6,5.71,29.18,80.45,0.05,0.15,60.05,32,PM2.5
1790828063,9,1,10,3,28.07,69,5.66,5.65,28.62,80.41,0.04,0.14,60.24,31,PM2.5
1790831250,10,1,10,3,30.07,54,5.14,5.57,27.96,80.42,0.04,0.14,60.32,31,PM2.5
1790836465,11,1,10,3,31.07,45,5.14,5.32,26.18,80.33,0.03,0.12,59.24,30,PM2.5
1790839205,12,1,10,3,33.07,40,6.17,5.32,26.18,80.33,0.03,0.12,59.24,30,PM2.5
1790842357,13,1,10,3,33.07,38,5.14,5.15,25.09,80.08,0.03,0.12,58.22,29,PM2.5
1790845501,14,1,10,3,34.07,40,6.17,4.99,24.05,79.84,0.03,0.11,57.33,28,PM2.5
1790849538,15,1,10,3,33.07,46,6.69,4.85,23.15,79.79,0.03,0.11,56.71,27,PM2.5
1790853047,16,1,10,3,33.07,43,7.2,4.68,22.17,79.58,0.03,0.11,56.16,26,PM2.5
1790856966,17,1,10,3,32.07,45,7.2,4.49,21.01,79.55,0.04,0.11,56.11,25,PM2.5
1790860473,18,1,10,3,30.07,54,6.17,4.47,20.21,79.89,0.04,0.1,57.68,25,PM2.5
1790863406,19,1,10,3,29.07,58,6.69,4.35,19.38,79.87,0.05,0.1,57.96,24,PM2.5
1790867371,20,1,10,3,28.07,65,5.66,4.24,18.6,79.83,0.05,0.1,58.32,24,PM2.5
1790871121,21,1,10,3,27.07,74,4.12,4.15,17.91,79.73,0.05,0.1,58.53,23,PM2.5
1790874646,22,1,10,3,27.07,74,4.12,4.11,17.55,79.78,0.05,0.11,58.47,23,PM2.5
1790878537,23,1,10,3,27.07,74,4.63,4.07,17.27,79.82,0.05,0.12,58.26,23,PM2.5
1790881500,0,2,10,4,27.06,78,3.6,4.0,16.89,79.59,0.05,0.12,57.99,22,PM2.5
1790885573,1,2,10,4,27.07,78,3.09,3.94,16.51,79.48,0.04,0.13,57.74,22,PM2.5
1790888941,2,2,10,4,27.06,78,4.12,3.87,16.23,79.29,0.04,0.14,57.38,22,PM2.5
1790892651,3,2,10,4,27.07,78,6.17,3.8,16.01,79.03,0.04,0.14,56.78,21,PM2.5
1790895456,3,2,10,4,27.07,78,4.12,3.74,15.87,78.77,0.04,0.15,56.32,21,PM2.5
1790901117,5,2,10,4,26.07,83,4.12,3.71,15.84,78.56,0.04,0.16,56.04,21,PM2.5
1790904495,6,2,10,4,26.07,83,5.14,3.7,15.85,78.37,0.04,0.16,56.0,21,PM2.5
1790907473,7,2,10,4,26.07,83,4.12,3.69,15.87,78.2,0.05,0.16,56.11,20,PM2.5
1790910854,8,2,10,4,27.07,78,4.63,3.68,15.84,78.17,0.05,0.16,56.22,20,PM2.5
1790914356,9,2,10,4,29.07,65,3.09,3.65,15.73,78.1,0.04,0.15,56.46,20,PM2.5
1790917917,10,2,10,4,30.07,58,5.14,3.63,15.59,78.06,0.04,0.14,56.7,20,PM2.5
1790921995,11,2,10,4,32.07,48,6.17,3.61,15.44,77.86,0.03,0.13,56.4,20,PM2.5
1790924960,12,2,10,4,33.07,46,4.12,3.56,15.22,77.59,0.03,0.13,55.41,20,PM2.5
1790928797,13,2,10,4,35.07,31,5.14,3.49,14.94,77.32,0.03,0.12,53.98,19,PM2.5
1790932373,14,2,10,4,35.07,29,7.2,3.41,14.58,76.87,0.02,0.12,52.79,19,PM2.5
1790935350,15,2,10,4,35.07,29,6.69,3.3,14.0,76.89,0.02,0.12,52.34,18,PM2.5
1790939452,16,2,10,4,34.07,33,5.14,3.16,13.22,76.86,0.03,0.12,52.5,18,PM2.5
1790943489,17,2,10,4,32.07,45,7.2,3.03,12.46,76.78,0.03,0.12,53.06,17,PM2.5
1790946303,18,2,10,4,30.07,58,5.14,2.93,11.9,76.91,0.04,0.13,53.8,16,PM2.5
1790950378,19,2,10,4,29.07,61,5.14,3.38,14.4,76.89,0.05,0.15,55.01,19,PM2.5
1790953909,20,2,10,4,28.07,65,3.6,3.34,14.21,76.91,0.05,0.16,54.34,19,PM2.5
1790957141,21,2,10,4,28.06,61,5.14,3.28,13.88,76.76,0.04,0.17,53.68,18,PM2.5
1790960878,22,2,10,4,28.07,61,2.57,3.22,13.51,76.69,0.05,0.18,53.18,18,PM2.5
1790964604,23,2,10,4,27.07,69,3.09,3.13,13.07,76.54,0.05,0.19,52.94,17,PM2.5
1790968185,0,3,10,5,27.07,69,4.63,3.05,12.6,76.31,0.05,0.2,53.04,17,PM2.5
1790971887,1,3,10,5,27.07,74,4.12,3.0,12.35,76.11,0.05,0.21,53.45,17,PM2.5
1790974851,2,3,10,5,27.07,74,3.09,2.99,12.28,75.95,0.05,0.22,54.28,17,PM2.5
1790978269,2,3,10,5,26.07,78,4.12,2.93,11.94,75.65,0.05,0.23,55.8,16,PM2.5
1790982609,4,3,10,5,26.07,78,4.12,3.01,12.31,75.49,0.05,0.23,56.93,17,PM2.5
1790987357,5,3,10,5,26.07,78,5.14,3.04,12.46,75.31,0.04,0.24,57.97,17,PM2.5
1790990650,6,3,10,5,26.07,83,4.12,3.1,12.67,75.23,0.04,0.24,58.83,17,PM2.5
1790993780,7,3,10,5,27.07,83,4.12,3.17,12.93,75.12,0.05,0.25,58.82,18,PM2.5
1790997551,8,3,10,5,28.07,78,5.14,3.24,13.17,75.1,0.06,0.26,58.67,18,PM2.5
1791000886,9,3,10,5,30.07,70,5.66,3.29,13.32,75.02,0.05,0.26,58.33,18,PM2.5
1791004251,10,3,10,5,31.07,62,8.23,3.33,13.43,74.87,0.04,0.26,58.0,18,PM2.5
1791008105,11,3,10,5,32.07,58,8.23,3.37,13.45,74.77,0.03,0.26,57.43,19,PM2.5
1791011821,12,3,10,5,33.07,52,11.32,3.39,13.42,74.73,0.03,0.25,56.68,19,PM2.5
1791015162,13,3,10,5,34.07,40,8.75,3.45,13.58,74.45,0.03,0.26,55.22,19,PM2.5
1791018375,14,3,10,5,34.06,40,7.2,3.52,13.84,74.26,0.03,0.26,53.86,20,PM2.5
1791022220,15,3,10,5,33.07,49,11.32,3.6,14.15,74.38,0.03,0.27,53.08,20,PM2.5
1791025834,16,3,10,5,33.07,46,10.8,3.65,14.37,74.43,0.03,0.28,52.69,20,PM2.5
1791035085,18,3,10,5,30.07,51,7.72,3.86,15.53,74.9,0.07,0.32,52.34,21,PM2.5
1791039314,19,3,10,5,29.07,58,7.72,3.95,16.08,74.98,0.07,0.33,52.13,22,PM2.5
1791044664,21,3,10,5,28.07,61,5.14,3.99,15.72,75.05,0.07,0.34,55.15,22,PM2.5
1791051181,23,3,10,5,28.07,57,4.12,4.16,16.79,74.94,0.08,0.37,53.57,23,PM2.5
1791057234,0,4,10,6,28.07,57,5.14,4.2,17.22,75.05,0.08,0.37,52.2,23,PM2.5
1791060791,1,4,10,6,28.07,57,4.12,4.22,17.36,75.21,0.08,0.37,52.04,23,PM2.5
1791068170,3,4,10,6,28.07,57,4.12,4.07,16.5,76.41,0.08,0.37,52.97,23,PM2.5
1791071125,4,4,10,6,28.07,54,4.12,4.04,16.4,76.68,0.07,0.37,53.06,22,PM2.5
1791076185,6,4,10,6,28.07,57,5.14,4.09,16.74,76.76,0.07,0.37,52.82,23,PM2.5
1791082162,7,4,10,6,28.07,61,6.17,4.22,17.58,76.96,0.09,0.38,51.93,23,PM2.5
1791087091,9,4,10,6,30.07,51,7.72,4.23,17.68,77.76,0.07,0.38,52.09,24,PM2.5
1791096879,11,4,10,6,33.07,49,9.26,4.27,17.7,80.33,0.04,0.36,53.22,24,PM2.5
1791104173,13,4,10,6,32.07,51,9.77,4.45,19.04,78.16,0.04,0.38,51.53,25,PM2.5
1791113021,16,4,10,6,31.07,55,8.75,4.71,20.58,78.01,0.05,0.39,51.43,26,PM2.5
1791122278,18,4,10,6,29.07,65,7.72,4.5,18.96,80.17,0.07,0.38,51.68,25,PM2.5
1791128176,20,4,10,6,28.07,74,6.69,4.5,19.45,79.58,0.07,0.39,51.88,25,PM2.5
1791134377,22,4,10,6,28.07,74,5.66,4.51,19.65,79.26,0.07,0.39,52.0,25,PM2.5
1791140375,23,4,10,6,28.07,78,6.17,4.66,21.07,78.39,0.07,0.4,52.23,26,PM2.5
1791146716,1,5,10,0,28.07,74,5.14,5.0,23.57,77.95,0.07,0.4,53.01,28,PM2.5
1791148425,2,5,10,0,28.07,74,4.12,5.0,23.57,77.95,0.07,0.4,53.01,28,PM2.5
1791151770,3,5,10,0,27.07,78,5.14,5.19,24.91,77.82,0.07,0.4,53.57,29,PM2.5
1791155423,4,5,10,0,27.07,78,3.09,5.38,26.34,77.78,0.07,0.41,54.05,30,PM2.5
1791160447,5,5,10,0,27.07,78,3.6,5.88,29.93,77.74,0.07,0.42,54.92,33,PM2.5
1791163765,6,5,10,0,27.06,78,3.09,6.19,32.21,77.75,0.07,0.43,55.54,34,PM2.5
1791167197,7,5,10,0,27.07,83,2.57,6.19,32.21,77.75,0.07,0.43,55.54,34,PM2.5
1791170019,8,5,10,0,28.07,78,5.14,6.56,34.66,77.93,0.08,0.45,56.39,36,PM2.5
1791173925,9,5,10,0,29.07,70,5.14,6.95,37.1,78.08,0.07,0.46,57.46,39,PM2.5
1791178033,10,5,10,0,27.07,74,8.23,7.32,39.17,78.42,0.06,0.47,58.21,41,PM2.5
1791181643,11,5,10,0,30.07,62,7.72,7.63,40.65,78.68,0.05,0.48,58.55,42,PM2.5
1791185598,12,5,10,0,32.07,51,6.17,7.92,41.53,78.95,0.04,0.47,58.17,44,PM2.5
1791188600,13,5,10,0,31.07,58,7.2,7.92,41.53,78.95,0.04,0.47,58.17,44,PM2.5
1791192081,14,5,10,0,30.07,62,6.69,7.71,40.74,78.76,0.04,0.45,57.17,43,PM2.5
1791194701,15,5,10,0,31.07,58,8.75,7.38,39.8,78.6,0.04,0.43,56.38,41,PM2.5
1791198149,16,5,10,0,32.07,55,5.14,6.95,38.26,78.2,0.04,0.42,55.89,39,PM2.5
1791202718,17,5,10,0,30.07,62,5.66,6.57,36.42,77.76,0.05,0.42,56.35,36,PM2.5
1791206263,18,5,10,0,30.07,66,5.14,6.28,34.64,77.63,0.07,0.43,57.53,35,PM2.5
1791209528,19,5,10,0,29.07,70,7.2,6.08,33.11,77.58,0.08,0.43,58.71,34,PM2.5
1791212935,20,5,10,0,29.07,74,5.14,5.94,32.06,77.55,0.08,0.43,59.51,33,PM2.5
1791216860,21,5,10,0,28.07,78,5.66,4.64,22.66,77.26,0.07,0.38,60.0,26,PM2.5
1791219677,22,5,10,0,28.07,78,5.14,4.49,21.92,77.37,0.07,0.37,59.82,25,PM2.5
1791224120,23,5,10,0,28.07,78,5.14,4.46,22.07,77.55,0.07,0.36,59.47,25,PM2.5
1791227580,0,6,10,1,28.07,78,5.14,4.54,23.0,77.61,0.06,0.36,58.86,25,PM2.5
1791231165,1,6,10,1,28.07,78,5.66,4.73,24.39,77.77,0.06,0.37,58.09,26,PM2.5
1791234755,2,6,10,1,28.07,78,5.14,4.99,25.78,77.93,0.06,0.38,57.05,28,PM2.5
1791238288,3,6,10,1,28.07,78,5.14,5.32,27.21,78.09,0.06,0.4,56.23,30,PM2.5
1791241837,4,6,10,1,28.07,78,5.66,5.74,29.22,78.37,0.06,0.42,55.7,32,PM2.5
1791246710,5,6,10,1,28.07,78,5.66,6.92,35.64,79.27,0.06,0.45,56.53,38,PM2.5
1791250085,6,6,10,1,28.07,78,5.14,6.92,35.64,79.27,0.06,0.45,56.53,38,PM2.5
1791253171,7,6,10,1,28.07,78,4.12,7.48,38.86,79.68,0.07,0.46,57.39,42,PM2.5
1791256461,8,6,10,1,29.07,70,2.57,7.91,41.29,80.16,0.08,0.47,58.13,44,PM2.5
1791259950,9,6,10,1,30.07,66,4.12,8.1,42.49,80.28,0.07,0.46,58.55,45,PM2.5
1791263526,10,6,10,1,30.07,66,4.63,8.05,42.92,80.18,0.06,0.45,58.32,45,PM2.5
1791267305,11,6,10,1,31.07,58,6.17,7.95,43.22,80.14,0.05,0.44,57.87,44,PM2.5
1791271145,12,6,10,1,32.07,55,4.63,7.85,43.51,80.02,0.05,0.42,57.09,44,PM2.5
1791274540,13,6,10,1,31.07,55,5.14,7.77,44.07,79.88,0.05,0.41,56.2,43,PM2.5
1791278007,14,6,10,1,31.07,58,6.17,7.64,44.29,79.76,0.05,0.39,55.08,42,PM2.5
1791281519,15,6,10,1,31.07,58,5.66,7.5,43.72,79.81,0.05,0.38,54.28,42,PM2.5
1791285048,16,6,10,1,31.07,55,6.17,7.31,41.86,79.83,0.05,0.37,53.75,41,PM2.5
1791288302,17,6,10,1,30.07,58,7.72,6.91,38.6,79.69,0.06,0.35,52.88,38,PM2.5
1791292387,18,6,10,1,30.07,66,6.17,6.6,32.98,79.53,0.07,0.34,53.05,37,PM2.5
1791295961,19,6,10,1,29.07,70,5.66,6.08,31.74,79.36,0.07,0.33,51.22,34,PM2.5
1791299644,20,6,10,1,29.07,70,4.12,5.74,31.38,79.28,0.07,0.32,49.53,32,PM2.5
1791303226,21,6,10,1,29.07,74,3.6,5.52,31.42,79.38,0.07,0.32,48.28,31,PM2.5
1791306390,22,6,10,1,28.07,78,3.6,5.4,31.53,79.76,0.07,0.31,47.53,30,PM2.5
1791310418,23,6,10,1,28.07,78,2.06,5.35,31.79,80.12,0.07,0.3,47.06,30,PM2.5
1791313502,0,7,10,2,28.07,78,3.6,5.36,31.86,80.62,0.07,0.29,46.64,30,PM2.5
1791317565,1,7,10,2,27.07,83,2.06,5.42,31.64,81.2,0.07,0.28,46.66,30,PM2.5
1791320906,2,7,10,2,27.07,83,2.06,5.8,33.26,81.67,0.07,0.28,46.92,32,PM2.5
1791324582,3,7,10,2,27.07,89,2.06,5.51,29.99,81.83,0.06,0.26,46.85,31,PM2.5
1791327512,3,7,10,2,27.07,89,3.09,5.45,28.08,81.97,0.06,0.24,46.37,30,PM2.5
1791333171,5,7,10,2,27.07,89,2.57,5.31,25.93,81.84,0.06,0.23,45.78,29,PM2.5
1791336338,6,7,10,2,27.07,89,3.09,5.13,23.88,81.82,0.06,0.21,45.34,28,PM2.5
1791339871,7,7,10,2,27.07,89,2.57,4.96,22.44,81.93,0.06,0.2,45.18,28,PM2.5
1791342806,8,7,10,2,28.07,78,2.57,4.78,21.53,82.04,0.06,0.19,45.36,27,PM2.5
1791346476,9,7,10,2,29.07,70,3.6,4.6,21.11,82.2,0.05,0.19,46.0,26,PM2.5
1791349943,10,7,10,2,30.07,66,4.63,4.47,20.91,82.24,0.04,0.18,46.34,25,PM2.5
1791353925,11,7,10,2,31.07,62,5.14,4.39,20.79,82.31,0.04,0.17,46.43,24,PM2.5
1791357604,12,7,10,2,32.07,51,4.12,4.34,21.12,82.35,0.03,0.16,46.11,24,PM2.5
1791361006,13,7,10,2,32.07,51,5.14,4.3,21.52,82.14,0.03,0.15,45.54,24,PM2.5
1791364441,14,7,10,2,32.07,51,4.63,4.23,21.61,81.96,0.03,0.14,44.82,24,PM2.5
1791367722,15,7,10,2,32.07,48,4.12,4.19,21.85,82.09,0.03,0.14,44.31,23,PM2.5
1791371433,16,7,10,2,32.07,51,5.14,4.15,22.16,81.94,0.03,0.13,43.75,23,PM2.5
1791375213,17,7,10,2,31.07,55,4.12,4.1,22.38,81.79,0.04,0.13,43.29,23,PM2.5
1791378840,18,7,10,2,30.07,62,5.14,4.03,22.51,81.94,0.05,0.12,43.07,22,PM2.5
1791382320,19,7,10,2,29.07,65,4.12,3.86,25.3,82.91,0.05,0.12,42.84,23,PM10
1791386500,20,7,10,2,29.07,70,4.63,3.8,25.35,83.02,0.05,0.11,42.85,23,PM10
1791389612,21,7,10,2,28.07,74,4.12,3.74,25.37,83.28,0.05,0.11,42.75,23,PM10
1791393226,22,7,10,2,28.07,74,4.63,3.7,25.49,83.59,0.05,0.1,42.8,24,PM10
1791396903,23,7,10,2,28.07,74,3.09,3.69,25.72,83.78,0.05,0.1,42.9,24,PM10
1791400233,0,8,10,3,27.07,78,3.09,3.69,25.92,83.96,0.05,0.09,43.07,24,PM10
1791403978,1,8,10,3,26.07,83,2.57,3.71,26.1,84.07,0.05,0.09,43.24,24,PM10
1791407450,2,8,10,3,26.07,83,2.57,3.73,26.16,84.35,0.04,0.09,43.47,24,PM10
1791411056,3,8,10,3,26.07,83,2.57,3.73,25.81,84.4,0.04,0.09,43.68,24,PM10
1791414607,4,8,10,3,26.07,83,3.09,3.71,25.14,84.46,0.04,0.08,43.97,23,PM10
1791419486,5,8,10,3,26.07,83,3.09,3.63,23.24,84.69,0.04,0.08,44.83,22,PM10
1791423013,6,8,10,3,26.07,83,3.09,3.6,22.32,84.82,0.04,0.07,45.41,21,PM10
1791426197,7,8,10,3,26.06,83,2.06,3.6,22.32,84.82,0.04,0.07,45.41,21,PM10
1791428896,8,8,10,3,28.07,83,3.6,3.64,22.01,84.88,0.04,0.07,47.16,20,PM10
1791432880,9,8,10,3,29.07,70,5.14,3.62,21.93,85.02,0.04,0.07,46.77,20,PM10
1791435713,10,8,10,3,30.07,62,5.14,3.67,22.44,85.25,0.03,0.07,47.08,21,PM10
1791440292,11,8,10,3,32.07,51,6.69,3.74,23.07,85.44,0.03,0.07,46.87,21,PM10
1791443664,12,8,10,3,33.07,46,5.66,3.82,23.83,85.41,0.02,0.08,46.34,22,PM10
1791447472,13,8,10,3,34.07,40,6.17,3.88,24.38,85.48,0.02,0.08,45.62,23,PM10
1791450942,14,8,10,3,34.07,43,7.72,3.91,24.59,85.29,0.02,0.09,44.78,23,PM10
1791454349,15,8,10,3,34.07,43,6.17,3.91,24.38,85.71,0.03,0.09,44.28,23,PM10
1791457895,16,8,10,3,33.07,46,7.2,3.87,23.72,85.91,0.03,0.1,43.74,22,PM10
1791461858,17,8,10,3,32.07,51,7.2,3.82,23.01,86.08,0.03,0.1,43.3,21,PM10
1791465402,18,8,10,3,30.07,58,5.14,3.79,22.11,85.94,0.05,0.11,42.25,21,PM2.5
1791468787,19,8,10,3,29.07,65,7.2,3.78,21.88,86.29,0.05,0.12,41.91,21,PM2.5
1791472223,20,8,10,3,28.07,74,7.2,3.78,21.85,86.58,0.06,0.12,41.68,21,PM2.5
1791475661,21,8,10,3,28.07,74,5.14,3.81,22.07,86.75,0.06,0.13,41.55,21,PM2.5
1791479455,22,8,10,3,28.07,78,5.14,3.89,22.69,87.28,0.06,0.14,41.45,22,PM2.5
1791482677,23,8,10,3,28.07,74,5.14,4.01,23.52,87.86,0.06,0.15,41.49,22,PM2.5
1791486450,0,9,10,4,28.07,74,5.14,4.16,24.37,88.57,0.06,0.16,41.78,23,PM2.5
1791490344,1,9,10,4,28.07,74,5.14,4.33,25.13,89.12,0.05,0.17,42.34,24,PM2.5
1791493760,2,9,10,4,27.07,78,4.12,4.51,25.78,89.7,0.05,0.19,42.93,25,PM2.5
1791497489,3,9,10,4,27.07,78,5.14,4.68,26.2,90.27,0.05,0.21,43.68,26,PM2.5
