hour,day,month,day_of_week,temp,humidity,wind_speed,pm2_5,pm10,co,no2,so2,o3,aqi,aqi_24h_ago,aqi_48h_ago,aqi_72h_ago,aqi_change_24h,aqi_rolling_mean_24h,aqi_rolling_std_24h
5,14,8,0,26.3,89,24.5,15.2,39.9,95.0,4.0,2.9,44.0,62,66.0,66.0,70.0,-4.0,68.20833333333333,2.1665273087847443
1,20,8,6,25.2,89,19.3,17.1,55.8,99.0,6.5,3.1,40.0,66,63.0,64.0,61.0,3.0,63.583333333333336,4.158978414139099
21,25,8,4,25.9,90,16.4,18.7,46.4,169.0,15.2,4.4,32.0,69,74.0,69.0,69.0,-5.0,68.16666666666667,4.177232979176388
18,31,8,3,27.3,77,17.6,19.2,91.7,153.0,9.5,5.3,47.0,70,61.0,66.0,79.0,9.0,63.916666666666664,2.733315659186395
14,6,9,2,31.0,65,22.0,24.0,97.1,163.0,4.1,6.2,100.0,79,71.0,76.0,69.0,8.0,77.66666666666667,3.3578806290340166
11,12,9,1,30.0,66,31.2,16.2,41.7,114.0,3.3,3.7,66.0,64,63.0,59.0,67.0,1.0,65.41666666666667,2.263446134944585
7,18,9,0,26.9,93,13.4,18.4,65.7,190.0,11.9,5.1,37.0,68,71.0,62.0,71.0,-3.0,70.25,4.901197724070499
4,24,9,6,27.0,90,14.5,33.1,135.5,126.0,7.3,4.0,47.0,96,71.0,83.0,70.0,25.0,83.33333333333333,4.940222373684202
0,30,9,5,26.2,97,6.9,32.7,115.7,275.0,21.3,5.3,44.0,95,84.0,93.0,96.0,11.0,89.04166666666667,3.972505141777837
21,5,10,3,28.5,76,15.5,27.0,73.3,218.0,12.5,5.0,66.0,84,73.0,69.0,70.0,11.0,77.375,4.660775266729349
17,11,10,2,30.1,69,17.8,15.9,54.9,228.0,10.9,5.6,69.0,64,78.0,85.0,99.0,-14.0,69.45833333333333,4.615467065409783
14,17,10,1,30.7,62,24.3,22.5,70.5,168.0,4.1,4.1,86.0,76,72.0,94.0,69.0,4.0,74.33333333333333,4.975301316343011
10,23,10,0,29.7,67,5.4,28.3,67.1,519.0,24.9,14.6,77.0,87,88.0,91.0,84.0,-1.0,86.70833333333333,3.850230559631447
7,29,10,6,24.6,99,5.1,40.4,71.2,769.0,52.9,11.6,12.0,113,94.0,96.0,95.0,19.0,90.91666666666667,7.0828431202920115
3,4,11,5,25.3,90,10.7,35.3,60.8,312.0,16.2,5.3,62.0,100,114.0,133.0,81.0,-14.0,101.375,9.774912431499292
0,10,11,4,25.6,83,16.8,53.6,91.7,546.0,33.3,7.1,52.0,146,157.0,173.0,127.0,-11.0,144.04166666666666,17.08159234677649
20,15,11,2,26.5,30,15.5,55.4,81.7,624.0,33.1,15.8,81.0,150,71.0,93.0,104.0,79.0,95.75,23.84779636160016
17,21,11,1,30.4,21,16.5,60.8,94.1,503.0,13.2,20.8,152.0,155,157.0,176.0,168.0,-2.0,164.33333333333334,8.483573214910685
13,27,11,0,25.4,47,19.7,59.5,89.9,517.0,5.4,23.2,141.0,154,138.0,113.0,100.0,16.0,125.5,16.730602005853306
10,3,12,6,24.0,46,20.9,47.5,70.1,564.0,13.8,20.9,103.0,131,152.0,102.0,152.0,-21.0,123.79166666666667,19.455588593929495
6,9,12,5,21.3,77,3.7,18.7,45.5,518.0,33.4,10.1,39.0,69,83.0,90.0,86.0,-14.0,82.45833333333333,10.01728578472118
3,15,12,4,17.1,58,12.5,28.8,52.9,376.0,11.0,20.2,71.0,88,107.0,101.0,82.0,-19.0,99.75,17.426242080365263
23,20,12,2,18.4,36,13.5,27.6,41.0,577.0,28.2,18.4,61.0,85,94.0,108.0,82.0,-9.0,86.125,11.337941305347034
20,26,12,1,21.5,76,7.4,33.2,52.0,891.0,50.8,13.2,73.0,96,164.0,157.0,102.0,-68.0,140.625,33.2301755219171
16,1,1,0,26.4,26,2.4,29.7,47.4,510.0,8.3,25.3,150.0,89,85.0,70.0,59.0,4.0,118.66666666666667,17.097334312100593
13,7,1,6,24.4,35,21.4,38.0,60.3,614.0,6.4,22.4,145.0,107,112.0,113.0,81.0,-5.0,129.25,15.66011272101208
9,13,1,5,15.6,77,6.4,63.3,96.2,1232.0,45.0,18.0,44.0,156,127.0,98.0,130.0,29.0,119.54166666666667,36.96176539952187
6,19,1,4,14.5,63,11.2,44.5,71.7,752.0,20.6,18.2,70.0,123,157.0,102.0,72.0,-34.0,146.875,12.955819575371807
2,25,1,3,15.7,80,11.2,80.6,129.9,1510.0,72.7,21.1,15.0,169,139.0,86.0,167.0,30.0,146.5,13.374212695236002
23,30,1,1,21.7,87,12.0,25.3,65.9,448.0,35.4,6.6,41.0,81,75.0,134.0,157.0,6.0,79.25,6.374200717160234
19,5,2,0,22.5,79,10.2,22.1,43.4,473.0,32.8,7.4,87.0,75,69.0,75.0,122.0,6.0,83.875,19.193097717670074
15,11,2,6,28.0,14,9.4,14.1,33.6,223.0,3.0,11.3,139.0,60,73.0,74.0,63.0,-13.0,82.54166666666667,14.095880269771856
12,17,2,5,28.9,19,6.5,30.5,53.4,469.0,21.6,28.0,155.0,91,82.0,125.0,101.0,9.0,107.91666666666667,29.829831387048355
8,23,2,4,16.4,58,7.8,41.9,82.4,1201.0,52.3,13.7,17.0,117,77.0,74.0,77.0,40.0,85.45833333333333,19.357010114677806
5,29,2,3,18.4,54,11.0,23.6,46.2,300.0,7.1,10.2,82.0,78,85.0,114.0,78.0,-7.0,84.66666666666667,6.098229726496885
1,6,3,2,17.0,37,11.7,20.4,34.5,438.0,25.3,12.7,55.0,72,90.0,101.0,69.0,-18.0,74.375,7.665918362978917
22,11,3,0,22.4,89,9.4,28.6,59.8,377.0,23.2,7.8,75.0,87,112.0,100.0,95.0,-25.0,77.54166666666667,11.894387301386853
18,17,3,6,30.6,21,19.8,25.3,57.5,374.0,18.3,14.6,150.0,81,77.0,73.0,107.0,4.0,69.58333333333333,6.323982418003305
15,23,3,5,30.6,53,25.8,29.0,109.7,235.0,7.2,5.6,111.0,88,81.0,84.0,86.0,7.0,74.20833333333333,8.048651880997081
11,29,3,4,28.1,54,22.1,28.2,115.9,259.0,6.6,9.1,150.0,87,61.0,65.0,70.0,26.0,68.70833333333333,13.192485234658983
8,4,4,3,25.4,79,12.3,18.5,49.6,424.0,28.5,7.9,100.0,69,95.0,75.0,109.0,-26.0,88.33333333333333,19.42581578314284
4,10,4,2,23.1,92,13.7,14.1,35.7,158.0,6.8,4.2,52.0,60,55.0,68.0,63.0,5.0,61.166666666666664,4.574662417261397
1,16,4,1,24.5,92,3.9,12.5,32.0,239.0,14.9,4.7,42.0,57,104.0,61.0,53.0,-47.0,72.0,14.35572904877204
21,21,4,6,26.0,87,17.1,22.4,49.2,282.0,18.1,4.4,65.0,76,84.0,91.0,99.0,-8.0,78.16666666666667,6.239193556213979
18,27,4,5,28.8,69,19.9,16.8,70.3,257.0,13.6,5.4,84.0,65,73.0,61.0,75.0,-8.0,64.83333333333333,4.280051469285007
14,3,5,4,32.8,38,29.4,21.7,97.3,209.0,7.6,5.5,79.0,74,120.0,67.0,76.0,-46.0,70.5,20.02606996544468
11,9,5,3,33.3,59,22.6,11.8,43.9,196.0,5.9,6.6,90.0,56,56.0,81.0,69.0,0.0,48.25,6.992231714398075
7,15,5,2,27.4,90,13.3,13.1,40.2,180.0,10.8,5.9,58.0,58,68.0,67.0,58.0,-10.0,68.79166666666667,7.609942961946142
4,21,5,1,27.7,91,13.7,7.6,30.5,137.0,5.9,4.0,48.0,42,44.0,43.0,56.0,-2.0,51.041666666666664,6.362110441934625
0,27,5,0,28.8,90,19.8,22.2,54.2,166.0,9.8,3.9,60.0,75,68.0,63.0,60.0,7.0,69.08333333333333,6.704422075192802
21,1,6,5,29.6,88,6.5,24.7,107.1,232.0,16.8,5.4,51.0,80,65.0,65.0,64.0,15.0,143.625,94.78112658394481
17,7,6,4,32.0,67,30.6,18.5,78.5,169.0,5.8,4.3,63.0,69,78.0,71.0,70.0,-9.0,72.70833333333333,3.6053000437971545
14,13,6,3,32.6,64,30.1,19.0,50.3,151.0,2.7,3.5,81.0,69,72.0,71.0,67.0,-3.0,71.04166666666667,1.1601786469164905
10,19,6,2,32.6,65,25.0,19.8,106.2,177.0,5.8,5.6,82.0,76,61.0,71.0,71.0,15.0,64.70833333333333,3.0571252007003697
7,25,6,1,29.8,84,20.2,23.8,102.9,187.0,11.8,5.4,43.0,78,98.0,92.0,114.0,-20.0,87.54166666666667,16.534494027748234
3,1,7,0,30.8,81,17.3,21.1,57.7,157.0,7.2,5.6,58.0,73,66.0,68.0,77.0,7.0,63.333333333333336,7.755316082290543
0,7,7,6,30.9,78,25.1,30.9,86.6,136.0,7.4,4.6,65.0,92,85.0,78.0,73.0,7.0,91.625,5.562393135272425
20,12,7,4,29.8,80,31.9,26.9,68.5,193.0,12.9,3.5,41.0,84,78.0,88.0,114.0,6.0,80.58333333333333,4.127497048342556
17,18,7,3,33.0,73,28.2,29.4,111.8,193.0,9.0,5.9,67.0,89,104.0,101.0,131.0,-15.0,88.625,9.282112297083728
13,24,7,2,32.3,68,27.4,40.7,183.5,172.0,3.9,5.2,84.0,115,91.0,86.0,108.0,24.0,96.58333333333333,11.367064041675873
9,30,7,1,29.8,80,7.5,38.0,134.1,273.0,15.5,13.0,67.0,107,120.0,145.0,107.0,-13.0,107.79166666666667,11.255835845451037
6,5,8,0,27.5,88,9.9,27.1,94.3,173.0,9.8,5.9,42.0,85,89.0,90.0,74.0,-4.0,100.125,8.558303875033864
2,11,8,6,27.9,86,26.5,13.7,46.7,120.0,4.5,2.7,43.0,60,61.0,72.0,74.0,-1.0,64.08333333333333,4.898239849495399
23,16,8,4,28.3,80,15.6,17.8,56.8,196.0,13.5,5.6,31.0,67,69.0,69.0,84.0,-2.0,69.95833333333333,3.838921572600913
19,22,8,3,29.9,70,23.7,16.2,51.7,201.0,11.2,4.5,42.0,64,67.0,64.0,65.0,-3.0,70.16666666666667,2.1602468994695725
16,28,8,2,27.5,83,17.6,9.0,13.0,370.0,17.5,9.3,85.0,50,77.0,79.0,80.0,-27.0,58.291666666666664,10.89666549181776
12,3,9,1,29.9,74,12.3,18.4,88.2,226.0,8.3,12.3,96.0,68,67.0,59.0,55.0,1.0,62.041666666666664,4.85869159938826
9,9,9,0,28.6,75,26.2,17.1,67.8,204.0,10.2,5.5,57.0,66,59.0,66.0,68.0,7.0,61.333333333333336,3.0312383273336234
5,15,9,6,26.3,84,20.0,19.9,43.9,141.0,5.6,3.6,51.0,71,78.0,72.0,92.0,-7.0,76.125,4.513867521316864
2,21,9,5,26.4,90,11.7,17.8,47.7,175.0,9.6,4.4,46.0,67,64.0,65.0,69.0,3.0,65.20833333333333,4.343702754929174
22,26,9,3,27.8,82,18.7,18.1,44.5,221.0,16.4,4.7,36.0,68,71.0,72.0,74.0,-3.0,69.0,2.1058923544875823
19,2,10,2,28.4,81,18.5,13.9,30.7,234.0,14.8,4.8,46.0,60,55.0,55.0,62.0,5.0,56.458333333333336,1.4440030912455382
15,8,10,1,37.5,23,17.3,24.0,46.6,229.0,5.6,13.0,153.0,79,77.0,67.0,62.0,2.0,71.45833333333333,4.671645894362407
12,14,10,0,32.7,48,10.0,19.5,30.3,301.0,8.4,24.9,146.0,70,78.0,114.0,77.0,-8.0,78.25,10.096275680105549
8,20,10,6,28.0,75,6.8,29.5,46.1,774.0,47.1,11.0,32.0,89,89.0,87.0,79.0,0.0,82.58333333333333,5.452695118743449
5,26,10,5,26.5,86,12.6,10.8,25.1,212.0,8.8,4.7,60.0,54,61.0,82.0,110.0,-7.0,61.125,5.101683439123871
1,1,11,4,25.0,98,8.1,36.1,80.1,440.0,38.1,6.5,26.0,102,99.0,112.0,102.0,3.0,107.125,9.88328628676172
22,6,11,2,25.7,87,6.6,28.9,46.9,785.0,48.0,8.3,39.0,88,95.0,83.0,84.0,-7.0,82.20833333333333,6.788604048516266
18,12,11,1,28.1,67,7.7,24.3,41.7,484.0,27.5,21.7,67.0,79,67.0,66.0,64.0,12.0,82.875,15.803996467597052
15,18,11,0,31.5,37,13.8,36.4,48.9,520.0,6.4,23.2,164.0,103,84.0,89.0,114.0,19.0,105.20833333333333,16.805742203618674
11,24,11,6,28.7,56,2.2,21.1,27.3,652.0,11.4,36.6,116.0,73,68.0,72.0,71.0,5.0,78.79166666666667,11.178314280110209
8,30,11,5,22.0,80,7.0,36.8,39.9,1213.0,44.0,22.4,21.0,104,101.0,161.0,119.0,3.0,87.04166666666667,11.149104727818685
4,6,12,4,21.3,68,7.7,44.6,77.3,1008.0,34.7,18.9,41.0,123,141.0,139.0,118.0,-18.0,131.0,15.830625245143555
1,12,12,3,17.6,38,8.1,42.5,43.9,614.0,65.3,18.4,14.0,118,112.0,78.0,96.0,6.0,111.04166666666667,27.8544027690989
21,17,12,1,21.2,30,8.4,36.4,40.5,841.0,34.0,16.3,63.0,103,145.0,116.0,89.0,-42.0,110.08333333333333,11.798734886738355
18,23,12,0,21.7,59,10.0,62.2,82.4,847.0,39.5,31.3,96.0,156,107.0,119.0,95.0,49.0,134.91666666666666,18.59620500477769
14,29,12,6,24.9,16,7.4,21.1,22.8,517.0,8.2,21.8,135.0,73,63.0,79.0,116.0,10.0,81.91666666666667,10.721439985481767
11,4,1,5,21.3,50,6.8,32.5,64.5,448.0,13.8,28.2,104.0,95,154.0,122.0,114.0,-59.0,159.625,19.189699456151462
7,10,1,4,16.5,44,6.9,29.0,29.1,1220.0,49.9,15.2,30.0,88,88.0,76.0,61.0,0.0,105.125,31.990912432452813
4,16,1,3,16.7,53,7.8,63.6,70.1,552.0,25.4,17.9,53.0,157,143.0,146.0,150.0,14.0,142.41666666666666,23.527812712075665
0,22,1,2,19.2,78,6.9,43.3,47.3,681.0,26.6,13.4,73.0,120,142.0,150.0,129.0,-22.0,132.58333333333334,12.51405007483074
20,27,1,0,20.6,84,7.1,33.5,37.3,1086.0,65.1,22.6,26.0,96,107.0,142.0,82.0,-11.0,110.5,23.33685273665146
17,2,2,6,26.0,20,8.8,26.0,36.8,539.0,7.4,13.9,135.0,82,83.0,67.0,89.0,-1.0,93.25,33.47581865739171
13,8,2,5,27.7,13,6.9,16.2,32.4,625.0,8.4,17.3,130.0,64,54.0,61.0,60.0,10.0,78.58333333333333,13.593210155029388
10,14,2,4,24.7,68,7.9,30.0,71.2,539.0,26.1,16.6,72.0,90,116.0,141.0,79.0,-26.0,104.0,19.019440854945362
6,20,2,3,21.6,83,4.5,22.4,64.3,714.0,19.6,8.9,56.0,76,63.0,76.0,64.0,13.0,72.83333333333333,6.525313030412591
3,26,2,2,21.2,89,5.0,21.5,45.4,264.0,50.3,14.4,14.0,74,91.0,71.0,120.0,-17.0,97.5,16.264124296451094
23,3,3,0,22.8,76,6.8,44.7,115.5,512.0,23.0,11.9,67.0,124,68.0,86.0,84.0,56.0,87.04166666666667,20.869114201043406
20,9,3,6,27.2,56,8.2,33.4,60.5,829.0,57.2,18.6,50.0,96,67.0,83.0,73.0,29.0,82.375,10.846007079343613
16,15,3,5,32.3,14,15.0,19.4,44.8,257.0,5.7,19.5,163.0,70,94.0,65.0,61.0,-24.0,87.54166666666667,9.609683371095686
13,21,3,4,33.4,26,8.5,16.0,41.4,487.0,5.7,20.6,155.0,64,65.0,61.0,55.0,-1.0,66.83333333333333,7.44058592051129
9,27,3,3,26.6,29,12.8,45.6,174.6,670.0,25.9,14.2,80.0,126,69.0,62.0,57.0,57.0,70.95833333333333,19.804433334738
6,2,4,2,21.7,79,3.0,32.9,53.8,645.0,45.9,20.0,20.0,95,67.0,61.0,77.0,28.0,87.125,7.525680671219958
2,8,4,1,25.7,77,9.7,21.4,31.4,245.0,15.5,8.4,71.0,74,44.0,39.0,55.0,30.0,60.958333333333336,12.526421351845949
23,13,4,6,26.5,88,12.7,17.5,29.2,299.0,14.2,8.4,59.0,67,64.0,85.0,77.0,3.0,63.375,4.178750593379164
19,19,4,5,30.0,53,10.9,92.7,343.7,467.0,20.9,9.8,85.0,195,68.0,62.0,67.0,127.0,114.41666666666667,52.88372533962679
16,25,4,4,31.9,62,15.4,24.2,66.6,352.0,8.7,12.8,118.0,79,71.0,90.0,86.0,8.0,75.08333333333333,6.296421804182163
12,1,5,3,33.2,53,19.7,16.7,32.1,219.0,3.9,11.4,115.0,65,66.0,60.0,85.0,-1.0,61.583333333333336,3.119596778096276
9,7,5,2,30.7,68,2.5,23.1,78.2,700.0,14.2,34.7,79.0,77,120.0,67.0,71.0,-43.0,86.83333333333333,22.009220729081058
5,13,5,1,26.8,92,9.7,15.4,26.8,182.0,7.3,7.1,75.0,63,101.0,82.0,85.0,-38.0,80.29166666666667,16.61711837799691
2,19,5,0,28.4,81,8.8,16.2,30.9,156.0,17.0,9.9,36.0,64,66.0,65.0,70.0,-2.0,65.54166666666667,3.538350962832058
22,24,5,5,29.6,82,17.2,25.7,60.5,232.0,17.1,11.9,44.0,82,70.0,73.0,85.0,12.0,73.95833333333333,6.855522475037611
19,30,5,4,30.8,68,15.0,29.6,84.8,343.0,18.0,7.7,71.0,89,117.0,89.0,84.0,-28.0,112.29166666666667,34.01978857213471
15,5,6,3,32.6,56,15.3,25.0,77.3,225.0,3.6,13.6,99.0,81,84.0,90.0,194.0,-3.0,79.33333333333333,4.082482904631667
12,11,6,2,32.3,61,19.9,20.9,49.2,182.0,2.6,11.1,95.0,73,74.0,80.0,79.0,-1.0,74.04166666666667,3.4196257952657514
8,17,6,1,31.3,78,8.5,39.5,147.1,534.0,18.2,18.6,59.0,111,123.0,95.0,80.0,-12.0,111.79166666666667,16.516076928297103
5,23,6,0,28.5,88,9.9,20.7,48.1,156.0,8.1,9.5,56.0,73,70.0,67.0,66.0,3.0,78.125,3.5301496457916377
1,29,6,6,27.7,88,15.4,22.6,48.1,240.0,19.8,11.3,44.0,76,76.0,83.0,89.0,0.0,76.875,9.161889400732075
22,4,7,4,29.5,83,10.3,27.2,66.6,310.0,30.4,14.9,26.0,85,84.0,82.0,77.0,1.0,88.45833333333333,11.001893776374239
18,10,7,3,30.6,74,11.7,37.5,128.1,339.0,14.6,17.2,61.0,106,98.0,117.0,97.0,8.0,93.125,7.0236402056975775
14,16,7,2,32.0,62,16.3,24.9,70.5,226.0,3.5,12.4,85.0,80,96.0,96.0,85.0,-16.0,87.08333333333333,5.072660451669044
11,22,7,1,31.8,66,13.5,32.4,85.7,228.0,4.7,14.9,79.0,94,90.0,87.0,91.0,4.0,89.25,7.83109742989311
7,28,7,0,28.5,78,16.1,19.8,70.8,241.0,8.7,9.2,57.0,71,78.0,77.0,74.0,-7.0,79.125,4.775958815635364
4,3,8,6,26.7,89,12.2,18.0,47.0,119.0,7.0,7.1,49.0,68,75.0,73.0,77.0,-7.0,72.875,3.3141659059435207
0,9,8,5,27.1,84,15.0,15.3,30.6,207.0,10.7,8.6,44.0,63,74.0,78.0,71.0,-11.0,68.375,2.763307721763591
21,14,8,3,27.9,87,6.0,22.1,46.3,469.0,31.4,15.5,21.0,75,75.0,79.0,73.0,0.0,74.54166666666667,2.6371784438815875
17,20,8,2,30.6,80,3.1,25.2,30.2,1113.0,9.6,10.8,122.0,81,104.0,87.0,83.0,-23.0,86.29166666666667,8.3794737131935
14,26,8,1,30.0,75,12.8,28.0,100.4,255.0,4.9,14.9,78.0,86,83.0,79.0,84.0,3.0,79.45833333333333,6.31064777675553
10,1,9,0,29.1,71,19.2,24.3,67.5,228.0,7.1,11.3,65.0,79,95.0,116.0,96.0,-16.0,80.08333333333333,11.228522171010743
7,7,9,6,26.8,90,13.8,18.9,35.2,257.0,11.8,9.4,47.0,69,79.0,74.0,81.0,-10.0,81.66666666666667,9.862827298437004
3,13,9,5,26.0,89,8.5,13.4,22.7,167.0,17.1,7.4,24.0,59,58.0,71.0,57.0,1.0,61.041666666666664,4.786567860585566
0,19,9,4,26.5,93,7.9,31.2,77.5,391.0,36.1,12.7,14.0,92,86.0,72.0,58.0,6.0,84.625,9.277427023365524
20,24,9,2,27.4,84,10.9,24.6,49.6,462.0,30.3,12.4,21.0,80,77.0,67.0,80.0,3.0,74.375,4.888429106613229
17,30,9,1,29.0,82,3.3,25.9,26.3,922.0,11.8,9.1,108.0,82,81.0,90.0,74.0,1.0,101.875,25.148796323516486
13,6,10,0,31.6,51,21.6,51.6,244.0,210.0,3.3,11.5,118.0,145,61.0,60.0,44.0,84.0,76.08333333333333,28.350165503183995
10,12,10,6,30.1,42,5.1,39.6,68.7,732.0,16.2,26.5,111.0,111,112.0,106.0,104.0,-1.0,112.45833333333333,8.51586328778359
6,18,10,5,23.7,71,8.9,29.5,34.0,691.0,25.1,14.9,72.0,89,93.0,82.0,87.0,-4.0,92.95833333333333,17.466686718651115
3,24,10,4,25.1,45,8.8,45.8,49.1,794.0,65.3,17.8,17.0,126,115.0,99.0,79.0,11.0,111.04166666666667,28.212669319738488
23,29,10,2,27.6,36,12.3,28.9,32.0,473.0,25.0,9.7,54.0,88,131.0,90.0,86.0,-43.0,102.91666666666667,26.290875697235965
20,4,11,1,28.2,33,12.6,33.6,47.1,582.0,42.9,14.3,47.0,97,94.0,132.0,163.0,3.0,86.33333333333333,7.376028545322489
16,10,11,0,26.6,57,10.3,22.5,32.8,277.0,6.6,23.7,126.0,76,87.0,93.0,99.0,-11.0,102.16666666666667,20.875753913314107
13,16,11,6,30.4,17,3.2,16.8,17.4,518.0,7.0,27.6,161.0,65,69.0,67.0,79.0,-4.0,86.54166666666667,15.154219290969884
9,22,11,5,21.6,48,5.9,52.9,54.1,1715.0,44.7,23.7,59.0,144,113.0,128.0,126.0,31.0,123.625,27.47459300644072
6,28,11,4,18.2,35,12.8,32.2,32.9,617.0,12.2,19.7,97.0,94,102.0,127.0,104.0,-8.0,96.75,11.31082590303095
2,4,12,3,18.6,32,11.1,28.5,30.2,356.0,9.5,13.0,83.0,87,94.0,93.0,116.0,-7.0,80.08333333333333,8.591789137291244
23,9,12,1,20.5,43,3.3,47.6,47.8,2784.0,76.8,36.2,13.0,131,83.0,118.0,115.0,48.0,86.625,18.006792196761896
19,15,12,0,24.8,33,5.2,61.5,63.1,1259.0,67.2,25.5,65.0,155,154.0,73.0,74.0,1.0,146.04166666666666,23.324700784076164
16,21,12,6,26.2,49,10.8,16.5,40.9,354.0,9.5,22.4,93.0,65,101.0,108.0,114.0,-36.0,122.25,34.85030097805291
12,27,12,5,24.3,30,4.3,38.6,42.3,989.0,16.4,40.8,148.0,109,96.0,102.0,88.0,13.0,124.79166666666667,16.834176331309866
9,2,1,4,17.1,58,7.5,59.0,73.8,1100.0,32.6,19.4,47.0,153,159.0,97.0,163.0,-6.0,145.45833333333334,19.14698106903529
